Date,WTI,Brent,ULSD,RBOB,OVX,ULSD_WTI_Spread,RBOB_WTI_Spread,Brent_WTI_Spread,Total_Spread
2017-01-23,51.95,54.97,485.0,1.5273,30.79,433.05,-50.422700000000006,3.019999999999996,382.6273
2017-01-24,52.53,54.83,487.0,1.5478,29.59,434.47,-50.9822,2.299999999999997,383.48780000000005
2017-01-25,52.25,54.45,486.0,1.4956,30.41,433.75,-50.7544,2.200000000000003,382.9956
2017-01-26,53.78,55.99,493.0,1.5145,29.59,439.22,-52.2655,2.210000000000001,386.95450000000005
2017-01-27,53.17,54.99,487.0,1.5187,29.78,433.83,-51.6513,1.8200000000000003,382.1787
2017-01-30,52.63,54.98,486.75,1.5077,30.94,434.12,-51.1223,2.3499999999999943,382.9977
2017-01-31,52.81,55.42,491.25,1.5283,31.33,438.44,-51.2817,2.6099999999999994,387.1583
2017-02-01,53.88,55.9,503.25,1.5583,30.65,449.37,-52.3217,2.019999999999996,397.0483
2017-02-02,53.54,55.99,501.0,1.5175,29.39,447.46,-52.0225,2.450000000000003,395.4375
2017-02-03,53.83,55.84,502.0,1.5381,28.11,448.17,-52.2919,2.010000000000005,395.8781
2017-02-06,53.01,55.02,496.5,1.4924,29.37,443.49,-51.5176,2.010000000000005,391.9724
2017-02-07,52.17,53.82,489.5,1.4709,29.61,437.33,-50.6991,1.6499999999999986,386.6309
2017-02-08,52.34,54.45,495.75,1.5396,29.09,443.40999999999997,-50.8004,2.1099999999999994,392.60959999999994
2017-02-09,53.0,54.03,497.0,1.557,28.25,444.0,-51.443,1.0300000000000011,392.557
2017-02-10,53.86,55.15,503.75,1.5789,26.43,449.89,-52.2811,1.2899999999999991,397.6089
2017-02-13,52.93,54.16,491.5,1.5217,26.99,438.57,-51.4083,1.2299999999999969,387.1617
2017-02-14,53.2,54.96,495.25,1.5237,27.49,442.05,-51.676300000000005,1.759999999999998,390.3737
2017-02-15,53.11,54.57,495.25,1.505,27.75,442.14,-51.605,1.4600000000000009,390.53499999999997
2017-02-16,53.36,54.11,494.25,1.4783,27.37,440.89,-51.8817,0.75,389.00829999999996
2017-02-17,53.4,54.45,494.0,1.4858,25.29,440.6,-51.9142,1.0500000000000043,388.68580000000003
2017-02-21,54.06,56.38,498.25,1.4835,25.79,444.19,-52.5765,2.3200000000000003,391.6135
2017-02-22,53.29,55.03,495.75,1.5273,27.09,442.46,-51.7627,1.740000000000002,390.6973
2017-02-23,54.1,55.9,501.5,1.5603,25.79,447.4,-52.5397,1.7999999999999972,394.8603
2017-02-24,53.49,54.78,496.75,1.5699,25.72,443.26,-51.920100000000005,1.2899999999999991,391.3399
2017-02-27,54.05,54.67,498.5,1.5787,25.01,444.45,-52.4713,0.6200000000000045,391.9787
2017-02-28,54.01,53.38,497.25,1.5789,25.46,443.24,-52.4311,-0.6299999999999955,390.8089
2017-03-01,53.83,55.72,497.5,1.524,24.67,443.67,-52.306,1.8900000000000006,391.36400000000003
2017-03-02,52.61,54.23,484.25,1.4832,25.94,431.64,-51.1268,1.6199999999999974,380.5132
2017-03-03,53.33,54.06,489.25,1.4856,25.59,435.92,-51.8444,0.730000000000004,384.0756
2017-03-06,53.2,54.65,490.5,1.4969,26.96,437.3,-51.703100000000006,1.4499999999999957,385.5969
2017-03-07,53.14,54.52,491.0,1.5043,26.46,437.86,-51.6357,1.3800000000000026,386.2243
2017-03-08,50.28,53.21,475.75,1.4947,31.74,425.47,-48.7853,2.9299999999999997,376.6847
2017-03-09,49.28,50.85,468.5,1.4715,31.98,419.22,-47.8085,1.5700000000000003,371.41150000000005
2017-03-10,48.49,50.88,458.5,1.45,33.45,410.01,-47.04,2.3900000000000006,362.96999999999997
2017-03-13,48.4,50.38,455.0,1.4354,32.39,406.6,-46.9646,1.980000000000004,359.6354
2017-03-14,47.72,49.83,458.5,1.4707,33.19,410.78,-46.2493,2.1099999999999994,364.53069999999997
2017-03-15,48.86,50.67,461.5,1.5749,30.08,412.64,-47.2851,1.8100000000000023,365.3549
2017-03-16,48.75,50.6,457.75,1.5791,28.63,409.0,-47.1709,1.8500000000000014,361.8291
2017-03-17,48.78,50.62,460.75,1.5833,27.45,411.97,-47.1967,1.8399999999999963,364.7733
2017-03-20,48.22,50.82,460.0,1.5972,28.11,411.78,-46.6228,2.6000000000000014,365.1572
2017-03-21,47.34,50.37,455.25,1.5852,30.57,407.90999999999997,-45.7548,3.029999999999994,362.1552
2017-03-22,47.34,49.83,452.75,1.573,30.05,405.40999999999997,-45.767,2.489999999999995,359.643
2017-03-23,47.0,50.43,451.5,1.5536,29.79,404.5,-45.4464,3.4299999999999997,359.0536
2017-03-24,47.32,50.24,456.0,1.581,30.99,408.68,-45.739,2.9200000000000017,362.94100000000003
2017-03-27,47.73,50.38,455.5,1.6204,30.78,407.77,-46.1096,2.6500000000000057,361.6604
2017-03-28,48.37,50.85,462.0,1.6236,29.92,413.63,-46.746399999999994,2.480000000000004,366.8836
2017-03-29,49.51,51.5,469.0,1.6794,28.54,419.49,-47.8306,1.990000000000002,371.6594
2017-03-30,50.35,52.34,473.5,1.6746,27.82,423.15,-48.6754,1.990000000000002,374.47459999999995
2017-03-31,50.6,52.32,477.0,1.6912,27.59,426.4,-48.9088,1.7199999999999989,377.4912
2017-04-03,50.24,52.16,473.75,1.6868,26.89,423.51,-48.553200000000004,1.9199999999999946,374.9568
2017-04-04,51.03,53.19,483.5,1.7127,27.97,432.47,-49.3173,2.1599999999999966,383.15270000000004
2017-04-05,51.15,53.52,483.5,1.7077,27.73,432.35,-49.442299999999996,2.3700000000000045,382.90770000000003
2017-04-06,51.7,53.69,489.0,1.7227,26.79,437.3,-49.9773,1.9899999999999949,387.3227
2017-04-07,52.24,54.3,492.75,1.7411,27.46,440.51,-50.4989,2.059999999999995,390.0111
2017-04-10,53.08,54.83,499.5,1.741,26.71,446.42,-51.339,1.75,395.081
2017-04-11,53.4,54.78,499.75,1.7409,27.27,446.35,-51.659099999999995,1.3800000000000026,394.69090000000006
2017-04-12,53.11,54.81,500.25,1.7224,26.92,447.14,-51.3876,1.7000000000000028,395.75239999999997
2017-04-13,53.18,54.73,499.75,1.7131,26.02,446.57,-51.4669,1.5499999999999972,395.1031
2017-04-18,52.41,52.54,493.75,1.6894,26.88,441.34000000000003,-50.7206,0.13000000000000256,390.61940000000004
2017-04-19,50.44,52.33,483.0,1.6376,29.81,432.56,-48.8024,1.8900000000000006,383.7576
2017-04-20,50.27,50.93,479.0,1.6464,27.96,428.73,-48.6236,0.6599999999999966,380.1064
2017-04-21,49.27,49.96,471.25,1.6218,30.06,421.98,-47.6482,0.6899999999999977,374.33180000000004
2017-04-24,48.88,49.5,468.0,1.6001,29.88,419.12,-47.279900000000005,0.6199999999999974,371.8401
2017-04-25,49.21,49.43,468.25,1.6067,29.39,419.04,-47.603300000000004,0.21999999999999886,371.43670000000003
2017-04-26,49.62,50.01,467.0,1.5714,29.32,417.38,-48.0486,0.39000000000000057,369.3314
2017-04-27,48.97,49.66,459.0,1.5333,29.88,410.03,-47.4367,0.6899999999999977,362.5933
2017-04-28,49.33,50.57,457.25,1.5294,28.55,407.92,-47.800599999999996,1.240000000000002,360.11940000000004
2017-05-02,47.66,49.29,451.25,1.4949,32.23,403.59000000000003,-46.165099999999995,1.6300000000000026,357.42490000000004
2017-05-03,47.82,48.96,444.25,1.516,32.8,396.43,-46.304,1.1400000000000006,350.126
2017-05-04,45.52,47.73,427.25,1.4639,34.67,381.73,-44.0561,2.2099999999999937,337.6739
2017-05-05,46.22,47.66,438.25,1.4859,33.83,392.03,-44.7341,1.4399999999999977,347.29589999999996
2017-05-08,46.43,46.77,440.5,1.4991,33.85,394.07,-44.9309,0.3400000000000034,349.1391
2017-05-09,45.88,47.2,438.75,1.4682,34.21,392.87,-44.4118,1.3200000000000003,348.45820000000003
2017-05-10,47.33,48.18,450.0,1.5283,34.02,402.67,-45.8017,0.8500000000000014,356.86830000000003
2017-05-11,47.83,49.21,453.5,1.5584,33.72,405.67,-46.2716,1.3800000000000026,359.39840000000004
2017-05-12,47.84,49.12,453.5,1.5672,33.72,405.65999999999997,-46.272800000000004,1.279999999999994,359.38719999999995
2017-05-15,48.85,51.47,460.75,1.5833,33.1,411.9,-47.2667,2.6199999999999974,364.63329999999996
2017-05-16,48.66,51.51,457.75,1.5878,33.44,409.09000000000003,-47.072199999999995,2.8500000000000014,362.0178
2017-05-17,49.07,51.91,464.75,1.5836,33.9,415.68,-47.4864,2.8399999999999963,368.1936
2017-05-18,49.35,51.86,469.25,1.5886,32.8,419.9,-47.7614,2.509999999999998,372.1386
2017-05-19,50.33,52.94,479.25,1.6368,29.76,428.92,-48.6932,2.6099999999999994,380.2268
2017-05-22,50.73,53.53,483.25,1.6444,30.59,432.52,-49.0856,2.8000000000000043,383.4344
2017-05-23,51.17,53.3,485.25,1.6409,31.77,434.08,-49.5291,2.1299999999999955,384.55089999999996
2017-05-24,51.11,53.39,484.0,1.6385,30.94,432.89,-49.4715,2.280000000000001,383.4185
2017-05-25,48.65,52.4,466.0,1.5842,33.03,417.35,-47.065799999999996,3.75,370.28420000000006
2017-05-26,49.8,51.05,468.0,1.6045,30.04,418.2,-48.195499999999996,1.25,370.0045
2017-05-30,49.66,50.81,461.75,1.6076,30.3,412.09000000000003,-48.0524,1.1500000000000057,364.03760000000005
2017-05-31,48.32,49.67,454.75,1.5835,32.29,406.43,-46.7365,1.3500000000000014,359.69350000000003
2017-06-01,48.36,50.67,447.5,1.5835,31.19,399.14,-46.7765,2.3100000000000023,352.3635
2017-06-02,47.66,48.63,443.0,1.5611,32.47,395.34000000000003,-46.09889999999999,0.970000000000006,349.2411
2017-06-05,47.4,48.43,437.25,1.5219,33.71,389.85,-45.878099999999996,1.0300000000000011,343.9719
2017-06-06,48.19,48.56,435.5,1.5429,32.12,387.31,-46.647099999999995,0.37000000000000455,340.66290000000004
2017-06-07,45.72,47.48,425.25,1.4724,34.23,379.53,-44.2476,1.759999999999998,335.2824
2017-06-08,45.64,46.68,425.5,1.4718,33.84,379.86,-44.1682,1.0399999999999991,335.6918
2017-06-09,45.83,46.99,429.75,1.4776,32.59,383.92,-44.352399999999996,1.1600000000000037,339.5676
2017-06-12,46.08,47.45,428.0,1.464,33.95,381.92,-44.616,1.3700000000000045,337.30400000000003
2017-06-13,46.46,47.34,430.25,1.4705,32.34,383.79,-44.9895,0.8800000000000026,338.8005
2017-06-14,44.73,45.9,423.0,1.4064,32.02,378.27,-43.3236,1.1700000000000017,334.9464
2017-06-15,44.46,46.03,422.0,1.4194,31.9,377.54,-43.0406,1.5700000000000003,334.49940000000004
2017-06-16,44.74,46.17,427.0,1.4408,27.93,382.26,-43.2992,1.4299999999999997,338.9608
2017-06-19,44.2,46.31,425.0,1.4352,30.34,380.8,-42.7648,2.1099999999999994,338.03520000000003
2017-06-20,43.23,44.34,417.25,1.4028,32.49,374.02,-41.8272,1.1100000000000065,332.1928
2017-06-21,42.31,45.06,411.0,1.3892,33.32,368.69,-40.9208,2.75,327.7692
2017-06-22,42.54,44.85,413.5,1.4108,32.65,370.96,-41.1292,2.3100000000000023,329.83079999999995
2017-06-23,42.81,44.54,414.5,1.3954,31.92,371.69,-41.4146,1.7299999999999969,330.2754
2017-06-26,43.38,44.5,416.0,1.4152,31.77,372.62,-41.964800000000004,1.1199999999999974,330.6552
2017-06-27,44.24,46.69,423.75,1.4203,32.28,379.51,-42.819700000000005,2.4499999999999957,336.6903
2017-06-28,44.74,46.96,434.25,1.4549,30.8,389.51,-43.2851,2.219999999999999,346.2249
2017-06-29,44.93,47.5,436.5,1.4521,30.46,391.57,-43.4779,2.5700000000000003,348.0921
2017-06-30,46.04,47.58,446.0,1.4895,28.7,399.96,-44.5505,1.5399999999999991,355.4095
2017-07-05,45.13,48.07,447.5,1.4807,32.61,402.37,-43.649300000000004,2.9399999999999977,358.7207
2017-07-06,45.52,49.07,443.25,1.5144,32.82,397.73,-44.0056,3.549999999999997,353.7244
2017-07-07,44.23,47.15,433.25,1.4841,33.17,389.02,-42.7459,2.9200000000000017,346.2741
2017-07-10,44.4,47.28,435.75,1.488,33.23,391.35,-42.912,2.8800000000000026,348.43800000000005
2017-07-11,45.04,47.36,443.25,1.5115,33.61,398.21,-43.5285,2.3200000000000003,354.68149999999997
2017-07-12,45.49,47.41,440.75,1.5053,32.48,395.26,-43.984700000000004,1.9199999999999946,351.2753
2017-07-13,46.08,48.28,447.25,1.5096,31.76,401.17,-44.5704,2.200000000000003,356.5996
2017-07-14,46.54,48.35,454.5,1.5499,30.28,407.96,-44.9901,1.8100000000000023,362.9699
2017-07-17,46.02,48.06,448.5,1.5275,30.61,402.48,-44.4925,2.039999999999999,357.9875
2017-07-18,46.4,48.31,450.25,1.5509,29.96,403.85,-44.8491,1.9100000000000037,359.0009
2017-07-19,47.12,48.75,462.25,1.5866,29.55,415.13,-45.5334,1.6300000000000026,369.59659999999997
2017-07-20,46.79,49.03,463.25,1.5765,29.25,416.46,-45.213499999999996,2.240000000000002,371.24649999999997
2017-07-21,45.62,48.09,453.5,1.5316,29.25,407.88,-44.0884,2.470000000000006,363.7916
2017-07-24,46.19,48.38,453.75,1.5302,29.24,407.56,-44.6598,2.190000000000005,362.9002
2017-07-25,47.77,49.77,472.0,1.577,29.18,424.23,-46.193000000000005,2.0,378.03700000000003
2017-07-26,48.75,50.68,477.5,1.5927,29.44,428.75,-47.1573,1.9299999999999997,381.5927
2017-07-27,49.04,51.24,482.25,1.6205,29.81,433.21,-47.4195,2.200000000000003,385.79049999999995
2017-07-28,49.71,52.5,492.5,1.6137,29.86,442.79,-48.0963,2.789999999999999,394.69370000000004
2017-07-31,50.17,52.5,501.25,1.6746,30.84,451.08,-48.495400000000004,2.3299999999999983,402.58459999999997
2017-08-01,49.16,51.34,488.75,1.6631,30.54,439.59000000000003,-47.4969,2.180000000000007,392.09310000000005
2017-08-02,49.59,52.69,498.0,1.645,30.43,448.40999999999997,-47.945,3.0999999999999943,400.465
2017-08-03,49.03,53.46,491.75,1.6316,29.65,442.72,-47.3984,4.43,395.32160000000005
2017-08-04,49.58,53.1,492.0,1.6491,28.53,442.42,-47.9309,3.520000000000003,394.4891
2017-08-07,49.39,52.02,487.25,1.6328,28.73,437.86,-47.7572,2.6300000000000026,390.1028
2017-08-08,49.17,52.74,484.25,1.6212,29.44,435.08,-47.5488,3.5700000000000003,387.5312
2017-08-09,49.56,52.79,491.25,1.6179,29.06,441.69,-47.9421,3.229999999999997,393.7479
2017-08-10,48.59,53.08,486.75,1.5982,29.27,438.15999999999997,-46.991800000000005,4.489999999999995,391.16819999999996
2017-08-11,48.82,52.0,487.0,1.6059,28.41,438.18,-47.2141,3.1799999999999997,390.96590000000003
2017-08-14,47.59,51.78,479.5,1.5627,29.16,431.90999999999997,-46.027300000000004,4.189999999999998,385.88269999999994
2017-08-15,47.55,50.48,477.75,1.5625,29.31,430.2,-45.9875,2.9299999999999997,384.2125
2017-08-16,46.78,50.94,470.75,1.5432,29.18,423.97,-45.2368,4.159999999999997,378.7332
2017-08-17,47.09,50.92,471.0,1.5524,29.31,423.90999999999997,-45.537600000000005,3.8299999999999983,378.37239999999997
2017-08-18,48.51,51.48,485.0,1.6069,27.53,436.49,-46.903099999999995,2.969999999999999,389.5869
2017-08-21,47.37,52.53,472.25,1.5596,28.77,424.88,-45.810399999999994,5.160000000000004,379.0696
2017-08-22,47.64,52.88,474.25,1.5686,27.97,426.61,-46.0714,5.240000000000002,380.53860000000003
2017-08-23,48.26,52.88,486.0,1.6029,27.8,437.74,-46.6571,4.6200000000000045,391.0829
2017-08-24,47.23,52.34,486.25,1.7223,28.37,439.02,-45.5077,5.1100000000000065,393.5123
2017-08-25,47.62,52.54,484.5,1.8518,28.88,436.88,-45.7682,4.920000000000002,391.1118
2017-08-29,46.44,52.45,493.5,1.7217,30.49,447.06,-44.7183,6.010000000000005,402.3417
2017-08-30,45.96,52.71,493.75,1.7579,29.78,447.79,-44.2021,6.75,403.5879
2017-08-31,47.23,53.52,515.5,1.8996,29.1,468.27,-45.3304,6.290000000000006,422.9396
2017-09-01,47.29,53.96,520.25,1.8182,28.97,472.96,-45.4718,6.670000000000002,427.4882
2017-09-05,48.66,54.4,518.75,1.7502,29.58,470.09000000000003,-46.9098,5.740000000000002,423.1802
2017-09-06,49.16,55.18,526.25,1.7558,30.07,477.09000000000003,-47.404199999999996,6.020000000000003,429.68580000000003
2017-09-07,49.09,54.75,536.5,1.7833,29.73,487.40999999999997,-47.306700000000006,5.659999999999997,440.1033
2017-09-08,47.48,55.27,533.0,1.8215,29.49,485.52,-45.6585,7.790000000000006,439.8615
2017-09-11,48.07,54.98,524.75,1.778,27.73,476.68,-46.292,6.909999999999997,430.38800000000003
2017-09-12,48.23,55.79,521.75,1.7275,27.59,473.52,-46.5025,7.560000000000002,427.0175
2017-09-13,49.3,56.31,532.5,1.7102,26.62,483.2,-47.5898,7.010000000000005,435.61019999999996
2017-09-14,49.89,57.42,535.25,1.6188,26.09,485.36,-48.2712,7.530000000000001,437.0888
2017-09-15,49.89,56.91,541.0,1.6554,26.65,491.11,-48.2346,7.019999999999996,442.8754
2017-09-18,49.91,56.35,534.75,1.66,27.53,484.84000000000003,-48.25,6.440000000000005,436.59000000000003
2017-09-19,49.48,57.42,535.0,1.6402,25.76,485.52,-47.8398,7.940000000000005,437.6802
2017-09-20,50.41,58.05,543.75,1.6341,26.99,493.34000000000003,-48.77589999999999,7.640000000000001,444.56410000000005
2017-09-21,50.2,58.2,547.75,1.61,26.3,497.55,-48.59,8.0,448.96000000000004
2017-09-22,50.31,58.72,545.25,1.6401,26.39,494.94,-48.669900000000005,8.409999999999997,446.2701
2017-09-25,51.92,59.85,558.0,1.6711,26.93,506.08,-50.2489,7.93,455.8311
2017-09-26,51.88,60.19,555.0,1.6654,27.8,503.12,-50.214600000000004,8.309999999999995,452.9054
2017-09-27,52.14,59.31,555.5,1.6335,27.29,503.36,-50.5065,7.170000000000002,452.8535
2017-09-28,51.56,59.37,556.25,1.6137,27.18,504.69,-49.9463,7.809999999999995,454.7437
2017-09-29,51.67,57.39,550.75,1.5852,26.83,499.08,-50.0848,5.719999999999999,448.99519999999995
2017-10-02,50.58,56.03,536.75,1.532,27.72,486.17,-49.048,5.450000000000003,437.122
2017-10-03,50.42,56.45,527.5,1.5345,27.95,477.08,-48.8855,6.030000000000001,428.1945
2017-10-04,49.98,56.34,534.5,1.5645,27.04,484.52,-48.415499999999994,6.3600000000000065,436.1045
2017-10-05,50.79,57.37,539.25,1.6002,26.45,488.46,-49.1898,6.579999999999998,439.2702
2017-10-06,49.29,55.86,523.5,1.5479,27.59,474.21,-47.7421,6.57,426.4679
2017-10-09,49.58,55.65,522.5,1.5385,27.32,472.92,-48.0415,6.07,424.87850000000003
2017-10-10,50.92,56.83,533.5,1.5654,26.54,482.58,-49.354600000000005,5.909999999999997,433.2254
2017-10-11,51.3,56.36,537.25,1.5881,26.43,485.95,-49.7119,5.060000000000002,436.2381
2017-10-12,50.6,56.2,533.0,1.5621,25.85,482.4,-49.0379,5.600000000000001,433.3621
2017-10-13,51.45,57.05,536.25,1.6036,25.73,484.8,-49.8464,5.599999999999994,434.9536
2017-10-16,51.87,57.63,552.0,1.5858,26.32,500.13,-50.2842,5.760000000000005,449.8458
2017-10-17,51.88,57.99,549.75,1.5964,25.87,497.87,-50.2836,6.109999999999999,447.5864
2017-10-18,52.04,58.39,550.0,1.6093,26.41,497.96,-50.4307,6.350000000000001,447.5293
2017-10-19,51.29,58.17,535.75,1.6114,26.3,484.46,-49.678599999999996,6.880000000000003,434.78139999999996
2017-10-20,51.47,58.36,541.0,1.6282,24.51,489.53,-49.8418,6.890000000000001,439.6882
2017-10-23,51.72,58.17,536.5,1.6273,25.08,484.78,-50.0927,6.450000000000003,434.6873
2017-10-24,52.29,58.29,542.25,1.6555,25.6,489.96,-50.6345,6.0,439.3255
2017-10-25,51.88,58.94,539.0,1.6859,25.44,487.12,-50.194100000000006,7.059999999999995,436.9259
2017-10-26,52.64,59.24,548.0,1.7094,25.22,495.36,-50.9306,6.600000000000001,444.4294
2017-10-27,53.9,60.56,555.0,1.7636,25.18,501.1,-52.1364,6.660000000000004,448.96360000000004
2017-10-30,54.15,60.99,554.75,1.7386,25.33,500.6,-52.4114,6.840000000000003,448.1886
2017-10-31,54.38,61.65,558.5,1.7099,25.31,504.12,-52.670100000000005,7.269999999999996,451.4499
2017-11-01,54.3,61.3,552.75,1.7234,25.65,498.45,-52.5766,7.0,445.8734
2017-11-02,54.54,61.12,550.5,1.7508,25.65,495.96,-52.7892,6.579999999999998,443.1708
2017-11-03,55.64,61.72,560.0,1.7768,24.82,504.36,-53.8632,6.079999999999998,450.4968
2017-11-06,57.35,64.5,574.5,1.8272,26.85,517.15,-55.522800000000004,7.149999999999999,461.62719999999996
2017-11-07,57.2,64.61,568.75,1.7888,28.75,511.55,-55.4112,7.409999999999997,456.1388
2017-11-08,56.81,64.19,569.0,1.7923,27.99,512.19,-55.017700000000005,7.3799999999999955,457.17230000000006
2017-11-09,57.17,64.73,576.0,1.7833,28.37,518.83,-55.386700000000005,7.560000000000002,463.4433
2017-11-10,56.74,64.6,574.5,1.7622,29.4,517.76,-54.9778,7.859999999999992,462.7822
2017-11-13,56.76,62.98,570.25,1.7339,30.22,513.49,-55.0261,6.219999999999999,458.4639
2017-11-14,55.7,61.06,559.5,1.695,30.08,503.8,-54.005,5.359999999999999,449.795
2017-11-15,55.33,61.34,562.5,1.6652,29.84,507.17,-53.6648,6.010000000000005,453.5052
2017-11-16,55.14,61.27,561.0,1.6278,28.42,505.86,-53.5122,6.130000000000003,452.3478
2017-11-17,56.55,61.79,571.0,1.6509,26.96,514.45,-54.8991,5.240000000000002,459.55090000000007
2017-11-20,56.09,61.4,565.5,1.6713,27.18,509.40999999999997,-54.4187,5.309999999999995,454.99129999999997
2017-11-21,56.72,62.42,569.25,1.7067,26.64,512.53,-55.0133,5.700000000000003,457.51669999999996
2017-11-22,57.97,63.03,571.25,1.7091,26.83,513.28,-56.2609,5.060000000000002,457.0191
2017-11-27,58.11,63.56,573.25,1.7532,28.36,515.14,-56.3568,5.450000000000003,458.78319999999997
2017-11-28,57.99,63.86,571.75,1.7202,28.13,513.76,-56.269800000000004,5.869999999999997,457.49019999999996
2017-11-29,57.3,64.09,565.5,1.6977,28.02,508.2,-55.6023,6.790000000000006,452.5977
2017-11-30,57.4,63.89,560.0,1.7171,25.95,502.6,-55.6829,6.490000000000002,446.9171
2017-12-01,58.36,64.87,572.5,1.7247,23.73,514.14,-56.6353,6.510000000000005,457.50469999999996
2017-12-04,57.47,63.81,559.25,1.6739,23.68,501.78,-55.796099999999996,6.340000000000003,445.98389999999995
2017-12-05,57.62,63.81,562.0,1.6926,23.13,504.38,-55.9274,6.190000000000005,448.4526
2017-12-06,55.96,62.58,550.25,1.6175,23.13,494.29,-54.3425,6.619999999999997,439.9475
2017-12-07,56.69,62.66,559.25,1.6566,23.13,502.56,-55.0334,5.969999999999999,447.52660000000003
2017-12-08,57.36,64.11,570.75,1.6693,23.85,513.39,-55.6907,6.75,457.6993
2017-12-11,57.99,65.85,578.25,1.6754,22.96,520.26,-56.3146,7.859999999999992,463.9454
2017-12-12,57.14,65.23,578.5,1.6466,22.84,521.36,-55.4934,8.090000000000003,465.8666
2017-12-13,56.6,63.93,567.75,1.586,23.49,511.15,-55.014,7.329999999999998,456.13599999999997
2017-12-14,57.04,63.98,567.5,1.6021,23.0,510.46,-55.4379,6.939999999999998,455.02209999999997
2017-12-15,57.3,64.07,567.75,1.5875,21.25,510.45,-55.7125,6.769999999999996,454.7375
2017-12-18,57.16,64.61,573.25,1.6301,18.43,516.09,-55.5299,7.450000000000003,460.56010000000003
2017-12-19,57.46,63.89,577.25,1.6681,18.88,519.79,-55.7919,6.43,463.99809999999997
2017-12-20,58.02,64.55,581.5,1.7115,19.46,523.48,-56.3085,6.529999999999994,467.17150000000004
2017-12-21,58.33,64.75,582.75,1.7413,17.86,524.42,-56.588699999999996,6.420000000000002,467.83129999999994
2017-12-22,58.42,64.67,586.75,1.7334,19.26,528.33,-56.6866,6.25,471.64340000000004
2017-12-27,59.64,65.98,600.5,1.7576,20.64,540.86,-57.882400000000004,6.340000000000003,482.9776
2017-12-28,59.84,66.08,605.25,1.7592,20.71,545.41,-58.0808,6.239999999999995,487.32919999999996
2017-12-29,60.42,66.64,606.25,1.7655,21.32,545.83,-58.6545,6.219999999999999,487.17550000000006
2018-01-02,60.37,66.65,604.75,1.728,22.73,544.38,-58.641999999999996,6.280000000000008,485.738
2018-01-03,61.63,67.87,617.0,1.7698,22.75,555.37,-59.860200000000006,6.240000000000002,495.5098
2018-01-04,62.01,68.72,625.0,1.7782,22.12,562.99,-60.2318,6.710000000000001,502.7582
2018-01-05,61.44,68.19,611.75,1.7583,22.3,550.31,-59.6817,6.75,490.62829999999997
2018-01-08,61.73,68.71,609.25,1.7668,21.9,547.52,-59.9632,6.979999999999997,487.55679999999995
2018-01-09,62.96,69.31,618.75,1.8157,22.96,555.79,-61.1443,6.350000000000001,494.6457
2018-01-10,63.57,69.96,619.25,1.8024,23.52,555.68,-61.7676,6.3899999999999935,493.91239999999993
2018-01-11,63.8,70.36,618.5,1.8129,23.52,554.7,-61.9871,6.560000000000002,492.71290000000005
2018-01-12,64.3,69.68,620.75,1.8291,23.52,556.45,-62.4709,5.38000000000001,493.9791
2018-01-16,63.73,69.38,618.75,1.8294,26.41,555.02,-61.9006,5.649999999999999,493.1194
2018-01-17,63.97,69.18,617.25,1.8455,24.7,553.28,-62.1245,5.210000000000008,491.15549999999996
2018-01-18,63.95,69.45,616.5,1.8713,24.38,552.55,-62.078700000000005,5.5,490.4712999999999
2018-01-19,63.37,68.58,615.75,1.8469,21.2,552.38,-61.5231,5.210000000000001,490.8569
2018-01-22,63.49,69.27,618.75,1.8673,22.03,555.26,-61.6227,5.779999999999994,493.6373
2018-01-23,64.52,69.7,624.0,1.8904,22.34,559.48,-62.629599999999996,5.180000000000007,496.85040000000004
2018-01-24,65.71,69.84,630.0,1.8933,23.93,564.29,-63.8167,4.13000000000001,500.4733
2018-01-25,65.61,70.94,630.5,1.8923,22.35,564.89,-63.7177,5.329999999999998,501.1723
2018-01-26,66.14,69.95,634.5,1.9235,22.29,568.36,-64.2165,3.8100000000000023,504.1435
2018-01-29,65.56,68.36,626.25,1.8955,22.73,560.69,-63.664500000000004,2.799999999999997,497.0255000000001
2018-01-30,64.5,67.78,616.5,1.8466,22.9,552.0,-62.6534,3.280000000000001,489.3466
2018-01-31,64.73,67.96,619.25,1.8708,22.23,554.52,-62.8592,3.2299999999999898,491.6608
2018-02-01,65.8,68.45,626.25,1.864,22.24,560.45,-63.936,2.6500000000000057,496.51400000000007
2018-02-02,65.45,67.36,613.25,1.8428,23.8,547.8,-63.607200000000006,1.9099999999999966,484.1927999999999
2018-02-05,64.15,67.57,604.0,1.8225,25.91,539.85,-62.32750000000001,3.4199999999999875,477.52250000000004
2018-02-06,63.39,66.79,599.75,1.7875,26.59,536.36,-61.6025,3.4000000000000057,474.7575
2018-02-07,61.79,65.87,579.75,1.7421,26.79,517.96,-60.0479,4.080000000000005,457.9121
2018-02-08,61.15,64.42,571.5,1.7411,29.5,510.35,-59.408899999999996,3.270000000000003,450.9411
2018-02-09,59.2,63.28,554.25,1.6716,29.85,495.05,-57.528400000000005,4.079999999999998,437.52160000000003
2018-02-12,59.29,62.29,554.25,1.6474,29.42,494.96,-57.6426,3.0,437.31739999999996
2018-02-13,59.19,62.15,549.25,1.6545,30.39,490.06,-57.5355,2.960000000000001,432.5245
2018-02-14,60.6,62.32,562.0,1.6744,27.73,501.4,-58.9256,1.7199999999999989,442.47439999999995
2018-02-15,61.34,62.89,566.5,1.7071,27.57,505.15999999999997,-59.63290000000001,1.5499999999999972,445.52709999999996
2018-02-16,61.68,64.03,574.0,1.7147,26.97,512.32,-59.9653,2.3500000000000014,452.35470000000004
2018-02-20,61.9,64.59,577.25,1.7046,27.58,515.35,-60.1954,2.690000000000005,455.1546
2018-02-21,61.63,64.73,579.25,1.7765,26.93,517.62,-59.853500000000004,3.1000000000000014,457.7665
2018-02-22,62.72,65.97,589.25,1.7213,24.98,526.53,-60.9987,3.25,465.5313
2018-02-23,63.48,66.87,600.5,1.7765,24.37,537.02,-61.7035,3.3900000000000077,475.31649999999996
2018-02-26,63.91,67.86,605.0,1.7873,24.36,541.09,-62.122699999999995,3.950000000000003,478.9673
2018-02-27,63.01,67.66,596.0,1.8055,25.29,532.99,-61.204499999999996,4.649999999999999,471.7855
2018-02-28,61.64,66.2,577.5,1.7409,26.92,515.86,-59.899100000000004,4.560000000000002,455.96090000000004
2018-03-01,60.99,64.48,573.75,1.6929,26.98,512.76,-59.2971,3.490000000000002,453.4629
2018-03-02,61.25,64.43,574.75,1.7204,26.15,513.5,-59.5296,3.180000000000007,453.9704
2018-03-05,62.57,65.81,577.75,1.7489,26.3,515.18,-60.8211,3.240000000000002,454.35889999999995
2018-03-06,62.6,65.72,579.5,1.7245,25.55,516.9,-60.8755,3.1199999999999974,456.0245
2018-03-07,61.15,65.07,576.25,1.6949,26.94,515.1,-59.4551,3.9199999999999946,455.6449
2018-03-08,60.12,63.91,572.75,1.7959,26.16,512.63,-58.324099999999994,3.789999999999999,454.3059
2018-03-09,62.04,65.16,581.25,1.8434,26.23,519.21,-60.1966,3.1199999999999974,459.01340000000005
2018-03-12,61.36,64.54,573.75,1.8381,24.02,512.39,-59.5219,3.180000000000007,452.86809999999997
2018-03-13,60.71,64.23,576.0,1.8305,25.5,515.29,-58.8795,3.520000000000003,456.41049999999996
2018-03-14,60.96,63.4,577.5,1.8692,25.21,516.54,-59.0908,2.4399999999999977,457.44919999999996
2018-03-15,61.19,63.38,579.25,1.8774,25.07,518.06,-59.312599999999996,2.190000000000005,458.74739999999997
2018-03-16,62.34,64.31,586.0,1.8958,24.53,523.66,-60.4442,1.9699999999999989,463.21579999999994
2018-03-19,62.06,64.46,588.75,1.8746,25.28,526.69,-60.1854,2.3999999999999915,466.50460000000004
2018-03-20,63.4,65.71,601.5,1.9033,25.3,538.1,-61.4967,2.309999999999995,476.60330000000005
2018-03-21,65.12,67.71,619.5,1.9521,25.95,554.38,-63.1679,2.589999999999989,491.21209999999996
2018-03-22,64.2,68.57,609.5,1.9494,26.47,545.3,-62.250600000000006,4.36999999999999,483.04939999999993
2018-03-23,65.83,68.57,619.0,1.9772,27.56,553.17,-63.852799999999995,2.739999999999995,489.31719999999996
2018-03-26,65.55,68.34,621.5,1.9503,27.71,555.95,-63.5997,2.7900000000000063,492.35030000000006
2018-03-27,65.25,68.09,619.5,1.9573,27.38,554.25,-63.292699999999996,2.8400000000000034,490.95730000000003
2018-03-28,64.38,67.61,621.75,1.9489,26.67,557.37,-62.431099999999994,3.230000000000004,494.9389
2018-03-29,64.94,68.45,627.5,1.963,25.07,562.56,-62.977,3.510000000000005,499.58299999999997
2018-04-03,63.51,66.62,620.75,1.9264,26.89,557.24,-61.5836,3.1100000000000065,495.6564
2018-04-04,63.37,65.59,618.25,1.9292,26.17,554.88,-61.440799999999996,2.220000000000006,493.4392
2018-04-05,63.54,66.12,617.5,1.9314,24.38,553.96,-61.608599999999996,2.5800000000000054,492.3514
2018-04-06,62.06,66.22,610.25,1.9085,24.99,548.19,-60.1515,4.159999999999997,488.03850000000006
2018-04-09,63.42,67.96,621.25,1.9453,25.64,557.83,-61.4747,4.539999999999992,496.35530000000006
2018-04-10,65.51,69.96,639.0,2.0029,28.05,573.49,-63.50710000000001,4.449999999999989,509.9829
2018-04-11,66.82,72.35,650.75,2.0319,29.42,583.9300000000001,-64.7881,5.530000000000001,519.1419000000001
2018-04-12,67.07,70.91,647.25,2.0365,28.73,580.1800000000001,-65.03349999999999,3.8400000000000034,515.1465000000001
2018-04-13,67.39,72.6,653.0,2.0484,28.52,585.61,-65.3416,5.209999999999994,520.2684
2018-04-16,66.22,71.53,641.75,2.0181,28.84,575.53,-64.2019,5.310000000000002,511.32809999999995
2018-04-17,66.52,71.08,636.5,2.0055,27.88,569.98,-64.5145,4.560000000000002,505.4655
2018-04-18,68.47,73.0,649.5,2.0366,29.42,581.03,-66.4334,4.530000000000001,514.5966
2018-04-19,68.29,74.04,653.75,2.0444,29.36,585.46,-66.24560000000001,5.75,519.2144000000001
2018-04-20,68.38,73.83,653.0,2.0638,28.99,584.62,-66.3162,5.450000000000003,518.3038
2018-04-23,68.59,73.89,661.0,2.0929,28.97,592.41,-66.4971,5.299999999999997,525.9128999999999
2018-04-24,67.65,75.0,655.5,2.0789,29.15,587.85,-65.5711,7.349999999999994,522.2789
2018-04-25,69.0,73.06,658.0,2.0718,28.16,589.0,-66.9282,4.060000000000002,522.0717999999999
2018-04-26,68.19,74.57,666.0,2.0931,26.86,597.81,-66.09689999999999,6.3799999999999955,531.7130999999999
2018-04-27,68.1,74.52,663.75,2.1072,25.59,595.65,-65.99279999999999,6.420000000000002,529.6572
2018-04-30,68.57,75.43,665.75,2.1178,28.28,597.1800000000001,-66.45219999999999,6.860000000000014,530.7278000000001
2018-05-01,67.25,74.48,653.0,2.0717,28.07,585.75,-65.17830000000001,7.230000000000004,520.5717
2018-05-02,67.93,72.78,651.25,2.0621,27.32,583.3199999999999,-65.8679,4.849999999999994,517.4521
2018-05-03,68.43,73.01,651.5,2.0721,26.69,583.0699999999999,-66.3579,4.579999999999998,516.7121
2018-05-04,69.72,74.32,663.75,2.0986,26.17,594.03,-67.6214,4.599999999999994,526.4086
2018-05-08,69.06,73.74,671.5,2.1011,26.76,602.44,-66.9589,4.679999999999993,535.4811000000001
2018-05-09,71.14,77.03,683.5,2.1721,26.71,612.36,-68.9679,5.890000000000001,543.3921
2018-05-10,71.36,76.99,681.75,2.1887,26.61,610.39,-69.1713,5.6299999999999955,541.2187
2018-05-11,70.7,76.79,683.75,2.1999,25.74,613.05,-68.5001,6.090000000000003,544.5499
2018-05-14,70.96,77.6,694.0,2.21,25.93,623.04,-68.75,6.640000000000001,554.29
2018-05-15,71.31,78.33,692.5,2.2147,26.61,621.19,-69.09530000000001,7.019999999999996,552.0947000000001
2018-05-16,71.49,77.62,701.25,2.2559,25.73,629.76,-69.2341,6.13000000000001,560.5259
2018-05-17,71.49,79.42,709.5,2.2529,25.11,638.01,-69.2371,7.930000000000007,568.7728999999999
2018-05-18,71.28,77.565,704.75,2.2394,25.23,633.47,-69.0406,6.284999999999997,564.4294
2018-05-21,72.24,77.71,707.25,2.2663,25.79,635.01,-69.9737,5.469999999999999,565.0363
2018-05-22,72.13,79.89,709.25,2.2953,25.89,637.12,-69.8347,7.760000000000005,567.2853
2018-05-23,71.83,78.25,711.75,2.2992,26.04,639.92,-69.5308,6.420000000000002,570.3892
2018-05-24,70.72,78.45,708.75,2.2624,25.37,638.03,-68.4576,7.730000000000004,569.5724
2018-05-25,67.91,76.26,690.25,2.2144,27.76,622.34,-65.6956,8.350000000000009,556.6444
2018-05-29,66.73,73.93,687.25,2.1558,29.04,620.52,-64.5742,7.200000000000003,555.9458
2018-05-30,68.21,75.13,700.0,2.2008,27.9,631.79,-66.00919999999999,6.920000000000002,565.7808
2018-05-31,67.04,75.66,695.25,2.1695,27.61,628.21,-64.8705,8.61999999999999,563.3395
2018-06-01,65.81,73.62,684.0,2.1434,28.65,618.19,-63.6666,7.810000000000002,554.5234
2018-06-04,64.75,72.535,676.5,2.1338,29.49,611.75,-62.6162,7.784999999999997,549.1338
2018-06-05,65.52,72.2,669.25,2.1215,29.3,603.73,-63.3985,6.680000000000007,540.3315
2018-06-06,64.73,72.5,667.5,2.0805,29.14,602.77,-62.6495,7.769999999999996,540.1205
2018-06-07,65.95,74.39,681.0,2.115,28.05,615.05,-63.835,8.439999999999998,551.2149999999999
2018-06-08,65.74,74.28,677.25,2.116,27.59,611.51,-63.623999999999995,8.540000000000006,547.886
2018-06-11,66.1,73.795,677.0,2.1126,26.86,610.9,-63.987399999999994,7.695000000000007,546.9126
2018-06-12,66.36,74.05,674.75,2.0971,26.58,608.39,-64.2629,7.689999999999998,544.1270999999999
2018-06-13,66.64,74.245,681.75,2.1329,27.08,615.11,-64.5071,7.605000000000004,550.6029
2018-06-14,66.89,73.965,673.25,2.0912,26.69,606.36,-64.7988,7.075000000000003,541.5612
2018-06-15,65.06,71.44,649.5,2.0211,27.64,584.44,-63.038900000000005,6.3799999999999955,521.4011
2018-06-18,65.85,74.06,663.5,2.0524,27.58,597.65,-63.797599999999996,8.210000000000008,533.8524
2018-06-19,65.07,74.105,660.0,2.0382,28.01,594.9300000000001,-63.03179999999999,9.03500000000001,531.8982000000001
2018-06-20,66.22,73.49,650.5,2.0176,28.06,584.28,-64.2024,7.269999999999996,520.0776
2018-06-21,65.84,72.22,642.0,2.0,27.78,576.16,-63.84,6.3799999999999955,512.3199999999999
2018-06-22,68.98,72.955,658.25,2.0479,25.52,589.27,-66.9321,3.9749999999999943,522.3379
2018-06-25,71.58,72.15,650.75,2.0277,26.1,579.17,-69.5523,0.5700000000000074,509.61769999999996
2018-06-26,70.53,72.72,659.75,2.0432,25.67,589.22,-68.4868,2.1899999999999977,520.7332
2018-06-27,72.76,75.05,671.75,2.0982,27.69,598.99,-70.6618,2.289999999999992,528.3282
2018-06-28,73.45,75.21,673.0,2.0899,27.35,599.55,-71.3601,1.759999999999991,528.1899
2018-06-29,74.15,76.33,684.75,2.1589,27.18,610.6,-71.9911,2.1799999999999926,538.6089000000001
2018-07-02,73.94,75.75,670.25,2.0843,28.65,596.31,-71.8557,1.8100000000000023,524.4543
2018-07-03,74.14,74.98,671.0,2.097,28.58,596.86,-72.043,0.8400000000000034,524.817
2018-07-05,72.94,76.1,676.5,2.1111,28.77,603.56,-70.8289,3.1599999999999966,532.7311
2018-07-06,73.8,74.05,673.5,2.0952,28.13,599.7,-71.70479999999999,0.25,527.9952000000001
2018-07-09,73.85,76.09,679.5,2.1388,28.12,605.65,-71.71119999999999,2.240000000000009,533.9388
2018-07-10,74.11,76.755,687.0,2.1518,26.9,612.89,-71.9582,2.644999999999996,540.9318
2018-07-11,70.38,74.45,655.5,2.0532,28.56,585.12,-68.32679999999999,4.070000000000007,516.7932000000001
2018-07-12,70.33,71.45,653.75,2.0659,27.81,583.42,-68.2641,1.1200000000000045,515.1559
2018-07-13,71.01,73.27,657.5,2.1008,27.54,586.49,-68.9092,2.259999999999991,517.5808
2018-07-16,68.06,70.4,635.5,1.9941,29.01,567.44,-66.0659,2.3400000000000034,501.37410000000006
2018-07-17,68.08,70.25,635.75,2.0179,28.0,567.67,-66.0621,2.1700000000000017,501.6079
2018-07-18,68.76,69.92,645.5,2.0311,27.24,576.74,-66.72890000000001,1.1599999999999966,510.0111
2018-07-19,69.46,71.26,646.25,2.0228,26.84,576.79,-67.43719999999999,1.8000000000000114,509.3528
2018-07-20,70.46,71.43,650.5,2.0468,26.01,580.04,-68.41319999999999,0.9700000000000131,511.6268
2018-07-23,69.54,72.95,653.5,2.0731,26.15,583.96,-67.46690000000001,3.4099999999999966,516.4931
2018-07-24,70.52,73.16,661.0,2.0672,25.65,590.48,-68.4528,2.6400000000000006,522.0272
2018-07-25,71.1,73.33,668.25,2.0921,25.34,597.15,-69.00789999999999,2.230000000000004,528.1421
2018-07-26,69.61,74.13,670.75,2.1286,24.88,601.14,-67.4814,4.519999999999996,533.6586
2018-07-27,68.69,74.44,667.75,2.1257,24.97,599.06,-66.5643,5.75,532.4956999999999
2018-07-30,70.13,74.58,668.0,2.1239,25.83,597.87,-68.00609999999999,4.450000000000003,529.8639000000001
2018-07-31,68.76,73.79,657.75,2.0893,26.52,588.99,-66.67070000000001,5.030000000000001,522.3193
2018-08-01,67.66,72.01,647.5,2.0561,26.45,579.84,-65.6039,4.3500000000000085,514.2361000000001
2018-08-02,68.96,72.59,656.75,2.0771,25.73,587.79,-66.88289999999999,3.6300000000000097,520.9071
2018-08-03,68.49,71.82,660.0,2.0848,25.61,591.51,-66.4052,3.3299999999999983,525.1048
2018-08-06,69.01,71.68,662.0,2.0806,25.42,592.99,-66.9294,2.6700000000000017,526.0606
2018-08-07,69.17,71.49,667.5,2.1194,25.22,598.33,-67.0506,2.319999999999993,531.2794
2018-08-08,66.94,69.98,654.25,2.0328,26.41,587.31,-64.9072,3.0400000000000063,522.4028
2018-08-09,66.81,69.75,654.25,2.0093,25.4,587.44,-64.8007,2.9399999999999977,522.6393
2018-08-10,67.63,70.17,665.25,2.0434,25.45,597.62,-65.58659999999999,2.5400000000000063,532.0334
2018-08-13,67.2,69.81,663.0,2.0216,25.31,595.8,-65.1784,2.6099999999999994,530.6216
2018-08-14,67.04,69.96,658.0,2.0409,26.18,590.96,-64.99910000000001,2.9199999999999875,525.9609
2018-08-15,65.01,67.69,647.75,1.993,27.26,582.74,-63.017,2.6799999999999926,519.723
2018-08-16,65.46,68.47,649.25,1.9842,26.33,583.79,-63.47579999999999,3.010000000000005,520.3142
2018-08-17,65.91,69.36,653.5,1.9777,25.71,587.59,-63.9323,3.450000000000003,523.6577
2018-08-20,66.43,70.28,655.0,2.0231,25.26,588.5699999999999,-64.40690000000001,3.8499999999999943,524.1631
2018-08-21,67.35,70.79,659.5,2.0271,25.08,592.15,-65.32289999999999,3.440000000000012,526.8271
2018-08-22,69.06,72.03,674.75,2.0952,24.72,605.69,-66.9648,2.969999999999999,538.7252000000001
2018-08-23,68.83,72.92,674.25,2.0815,24.35,605.42,-66.74849999999999,4.090000000000003,538.6714999999999
2018-08-24,69.82,73.46,681.75,1.9652,23.31,611.9300000000001,-67.8548,3.6400000000000006,544.0752000000001
2018-08-28,68.53,75.015,688.75,1.9604,24.5,620.22,-66.56960000000001,6.484999999999999,553.6504
2018-08-29,69.51,74.83,698.0,1.9848,24.32,628.49,-67.52520000000001,5.319999999999993,560.9648
2018-08-30,70.25,76.065,696.75,1.9941,24.89,626.5,-68.2559,5.814999999999998,558.2441
2018-08-31,69.8,76.01,696.75,1.9797,25.02,626.95,-67.8203,6.210000000000008,559.1297000000001
2018-09-04,69.87,76.535,701.0,1.9672,26.7,631.13,-67.9028,6.664999999999992,563.2272
2018-09-05,68.72,75.77,693.5,1.9151,26.62,624.78,-66.8049,7.049999999999997,557.9751
2018-09-06,67.77,74.83,686.75,1.9027,26.16,618.98,-65.8673,7.060000000000002,553.1127
2018-09-07,67.75,74.71,688.25,1.9202,26.07,620.5,-65.8298,6.959999999999994,554.6702
2018-09-10,67.54,75.855,687.5,1.9293,26.13,619.96,-65.61070000000001,8.314999999999998,554.3493000000001
2018-09-11,69.25,77.185,702.75,1.9856,27.14,633.5,-67.2644,7.935000000000002,566.2356
2018-09-12,70.37,78.84,701.25,2.0024,26.94,630.88,-68.36760000000001,8.469999999999999,562.5124
2018-09-13,68.59,76.67,694.0,1.9519,26.7,625.41,-66.63810000000001,8.079999999999998,558.7719
2018-09-14,68.99,76.865,686.25,1.928,26.4,617.26,-67.062,7.875,550.198
2018-09-17,68.91,77.54,683.75,1.9371,26.49,614.84,-66.9729,8.63000000000001,547.8671
2018-09-18,69.85,78.55,691.25,1.9701,26.8,621.4,-67.87989999999999,8.700000000000003,553.5201
2018-09-19,71.12,78.76,697.25,1.9909,26.35,626.13,-69.12910000000001,7.640000000000001,557.0009
2018-09-20,70.8,78.36,692.25,1.9923,26.07,621.45,-68.8077,7.560000000000002,552.6423000000001
2018-09-21,71.78,78.26,691.0,2.0023,26.15,619.22,-69.7777,6.480000000000004,549.4423
2018-09-24,73.08,80.15,711.25,2.0397,26.97,638.17,-71.0403,7.070000000000007,567.1297
2018-09-25,72.58,81.36,717.5,2.0603,26.83,644.92,-70.5197,8.780000000000001,574.4003
2018-09-26,71.57,81.05,718.5,2.0412,26.53,646.9300000000001,-69.52879999999999,9.480000000000004,577.4012
2018-09-27,72.12,80.745,721.25,2.0614,26.45,649.13,-70.0586,8.625,579.0714
2018-09-28,73.25,81.83,731.0,2.0845,26.73,657.75,-71.1655,8.579999999999998,586.5845
2018-10-01,75.3,83.92,744.75,2.1187,27.95,669.45,-73.1813,8.620000000000005,596.2687000000001
2018-10-02,75.23,84.555,746.5,2.108,27.68,671.27,-73.122,9.325000000000003,598.148
2018-10-03,76.41,84.39,753.75,2.1263,28.04,677.34,-74.2837,7.980000000000004,603.0563000000001
2018-10-04,74.33,84.96,747.25,2.0853,28.9,672.92,-72.2447,10.629999999999995,600.6753
2018-10-05,74.34,84.085,745.5,2.071,28.84,671.16,-72.269,9.74499999999999,598.891
2018-10-08,74.29,83.255,746.5,2.0794,28.86,672.21,-72.2106,8.96499999999999,599.9994
2018-10-09,74.96,84.12,753.75,2.06,27.9,678.79,-72.89999999999999,9.16000000000001,605.89
2018-10-10,73.17,82.89,744.75,1.9983,28.81,671.58,-71.1717,9.719999999999999,600.4083
2018-10-11,70.97,80.615,729.0,1.9083,29.29,658.03,-69.0617,9.644999999999996,588.9683
2018-10-12,71.34,80.18,726.75,1.9125,27.73,655.41,-69.42750000000001,8.840000000000003,585.9825
2018-10-15,71.78,80.53,726.25,1.9072,28.59,654.47,-69.8728,8.75,584.5972
2018-10-16,71.92,80.185,732.0,1.9376,28.59,660.08,-69.9824,8.265,590.0976
2018-10-17,69.75,79.66,725.25,1.8744,28.13,655.5,-67.8756,9.909999999999997,587.6244
2018-10-18,68.65,80.02,722.5,1.8495,28.53,653.85,-66.8005,11.36999999999999,587.0495000000001
2018-10-19,69.12,80.095,727.25,1.8684,27.42,658.13,-67.25160000000001,10.974999999999994,590.8783999999999
2018-10-22,69.17,80.02,730.75,1.8625,27.76,661.58,-67.3075,10.849999999999994,594.2725
2018-10-23,66.33,78.38,707.5,1.7878,29.38,641.17,-64.5422,12.049999999999997,576.6278
2018-10-24,66.77,76.93,707.5,1.7817,29.8,640.73,-64.9883,10.16000000000001,575.7417
2018-10-25,66.28,76.9,719.0,1.7816,28.5,652.72,-64.4984,10.620000000000005,588.2216000000001
2018-10-26,67.59,76.99,730.75,1.7831,29.09,663.16,-65.8069,9.399999999999991,597.3530999999999
2018-10-29,67.04,77.14,720.25,1.7882,29.46,653.21,-65.2518,10.099999999999994,587.9582
2018-10-30,66.18,75.36,714.5,1.7735,29.9,648.3199999999999,-64.40650000000001,9.179999999999993,583.9134999999999
2018-10-31,65.31,74.17,714.5,1.7178,30.12,649.19,-63.592200000000005,8.86,585.5978
2018-11-01,63.69,70.76,696.25,1.683,31.54,632.56,-62.007,7.070000000000007,570.553
2018-11-02,63.14,70.63,684.0,1.6748,32.21,620.86,-61.4652,7.489999999999995,559.3948
2018-11-05,63.1,72.1,687.25,1.6585,32.68,624.15,-61.441500000000005,8.999999999999993,562.7085
2018-11-06,62.21,70.01,688.75,1.6582,34.15,626.54,-60.5518,7.800000000000004,565.9882
2018-11-07,61.67,69.4,709.25,1.5979,33.05,647.58,-60.0721,7.730000000000004,587.5079000000001
2018-11-08,60.67,68.43,681.0,1.5886,32.23,620.33,-59.0814,7.760000000000005,561.2486
2018-11-09,60.19,68.12,688.25,1.5568,35.1,628.06,-58.633199999999995,7.930000000000007,569.4268
2018-11-12,59.93,68.92,673.5,1.5798,40.14,613.57,-58.3502,8.990000000000002,555.2198000000001
2018-11-13,55.69,64.83,651.0,1.4698,55.71,595.31,-54.2202,9.14,541.0898
2018-11-14,56.25,64.37,668.0,1.4752,47.07,611.75,-54.7748,8.120000000000005,556.9752
2018-11-15,56.46,65.06,660.0,1.4613,43.87,603.54,-54.9987,8.600000000000001,548.5413
2018-11-16,56.46,64.58,661.0,1.4828,40.56,604.54,-54.9772,8.119999999999997,549.5627999999999
2018-11-19,56.76,63.47,661.0,1.5026,43.45,604.24,-55.2574,6.710000000000001,548.9826
2018-11-20,53.33,61.0,631.5,1.431,56.56,578.17,-51.899,7.670000000000002,526.271
2018-11-21,54.43,61.31,631.5,1.438,51.79,577.07,-52.992,6.880000000000003,524.0780000000001
2018-11-26,51.63,59.63,611.25,1.3632,57.87,559.62,-50.2668,8.0,509.3532
2018-11-27,51.56,59.35,605.5,1.3441,54.64,553.94,-50.215900000000005,7.789999999999999,503.7241
2018-11-28,50.29,57.83,577.75,1.316,53.99,527.46,-48.974,7.539999999999999,478.48600000000005
2018-11-29,51.45,58.13,571.0,1.3773,53.96,519.55,-50.072700000000005,6.68,469.47729999999996
2018-11-30,50.93,57.75,567.5,1.3532,56.04,516.57,-49.5768,6.82,466.99320000000006
2018-12-03,52.95,60.16,592.5,1.3914,49.61,539.55,-51.558600000000006,7.209999999999994,487.99139999999994
2018-12-04,53.25,61.16,590.0,1.4083,49.84,536.75,-51.8417,7.909999999999997,484.9083
2018-12-06,51.49,57.8,578.0,1.3936,50.13,526.51,-50.0964,6.309999999999995,476.4136
2018-12-07,52.61,61.48,581.5,1.4257,41.83,528.89,-51.1843,8.869999999999997,477.7057
2018-12-10,51.0,60.22,570.0,1.3491,45.06,519.0,-49.6509,9.219999999999999,469.3491
2018-12-11,51.65,59.62,573.0,1.3735,41.46,521.35,-50.2765,7.969999999999999,471.0735
2018-12-12,51.15,59.82,572.75,1.3443,39.9,521.6,-49.8057,8.670000000000002,471.7943
2018-12-13,52.58,58.87,576.75,1.3881,39.25,524.17,-51.1919,6.289999999999999,472.9781
2018-12-14,51.2,58.42,565.25,1.3619,42.38,514.05,-49.838100000000004,7.219999999999999,464.21189999999996
2018-12-17,49.88,57.41,554.0,1.3332,46.59,504.12,-48.546800000000005,7.529999999999994,455.5732
2018-12-18,46.24,55.19,536.5,1.2748,53.35,490.26,-44.9652,8.949999999999996,445.2948
2018-12-19,47.2,55.51,546.25,1.3143,50.86,499.05,-45.8857,8.309999999999995,453.1643
2018-12-20,45.63,52.83,530.25,1.2432,52.89,484.62,-44.3868,7.199999999999996,440.2332
2018-12-21,45.39,51.92,519.25,1.2291,51.76,473.86,-44.1609,6.530000000000001,429.69910000000004
2018-12-27,44.61,51.5,508.25,1.2095,57.16,463.64,-43.4005,6.890000000000001,420.23949999999996
2018-12-28,45.33,50.86,499.0,1.2294,53.11,453.67,-44.1006,5.530000000000001,409.56940000000003
2018-12-31,45.41,50.86,502.0,1.2351,51.87,456.59000000000003,-44.174899999999994,5.450000000000003,412.41510000000005
2019-01-02,46.54,54.17,514.25,1.2659,54.72,467.71,-45.2741,7.630000000000003,422.4359
2019-01-03,47.09,53.36,522.75,1.2935,53.57,475.65999999999997,-45.7965,6.269999999999996,429.8635
2019-01-04,47.96,55.72,541.5,1.2882,51.52,493.54,-46.6718,7.759999999999998,446.8682
2019-01-07,48.52,57.15,545.75,1.2786,50.42,497.23,-47.241400000000006,8.629999999999995,449.9886
2019-01-08,49.78,56.97,555.0,1.2954,46.08,505.22,-48.4846,7.189999999999998,456.7354
2019-01-09,52.36,59.39,573.5,1.3432,44.36,521.14,-51.016799999999996,7.030000000000001,470.1232
2019-01-10,52.59,60.43,577.5,1.3607,42.99,524.91,-51.2293,7.839999999999996,473.68069999999994
2019-01-11,51.59,59.12,572.75,1.3295,40.99,521.16,-50.2605,7.529999999999994,470.8995
2019-01-14,50.51,58.74,565.5,1.2963,40.81,514.99,-49.213699999999996,8.230000000000004,465.7763
2019-01-15,52.11,58.6,568.0,1.3726,39.75,515.89,-50.7374,6.490000000000002,465.1526
2019-01-16,52.31,59.7,576.5,1.386,38.77,524.19,-50.924,7.390000000000001,473.2660000000001
2019-01-17,52.07,59.84,572.0,1.4012,37.03,519.93,-50.6688,7.770000000000003,469.2612
2019-01-18,53.8,62.06,581.0,1.4276,35.63,527.2,-52.3724,8.260000000000005,474.8276000000001
2019-01-22,52.57,61.0,576.75,1.3713,38.26,524.18,-51.1987,8.43,472.9812999999999
2019-01-23,52.42,61.16,573.5,1.3743,37.69,521.08,-51.045700000000004,8.739999999999995,470.03430000000003
2019-01-24,52.98,61.22,574.75,1.366,36.75,521.77,-51.614,8.240000000000002,470.156
2019-01-25,53.49,61.58,575.25,1.3686,35.21,521.76,-52.1214,8.089999999999996,469.6386
2019-01-28,51.99,59.89,561.5,1.317,37.61,509.51,-50.673,7.899999999999999,458.837
2019-01-29,53.31,61.11,579.75,1.3324,37.13,526.44,-51.9776,7.799999999999997,474.46240000000006
2019-01-30,54.23,61.97,584.5,1.3676,35.59,530.27,-52.862399999999994,7.740000000000002,477.4076
2019-01-31,53.79,62.52,583.25,1.349,34.97,529.46,-52.441,8.730000000000004,477.019
2019-02-01,55.26,61.95,592.0,1.4068,33.4,536.74,-53.8532,6.690000000000005,482.8868
2019-02-04,54.56,62.33,590.0,1.3998,33.7,535.44,-53.1602,7.769999999999996,482.2798
2019-02-05,53.66,61.61,586.0,1.3935,34.57,532.34,-52.26649999999999,7.950000000000003,480.0735
2019-02-06,54.01,62.13,589.75,1.4253,33.02,535.74,-52.5847,8.120000000000005,483.1553
2019-02-07,52.64,61.03,584.25,1.397,34.34,531.61,-51.243,8.39,480.367
2019-02-08,52.72,61.37,589.75,1.4163,32.56,537.03,-51.3037,8.649999999999999,485.7263
2019-02-11,52.41,61.3,586.75,1.3953,33.34,534.34,-51.0147,8.89,483.3253
2019-02-12,53.1,62.58,593.75,1.4084,32.69,540.65,-51.6916,9.479999999999997,488.9584
2019-02-13,53.9,63.12,602.75,1.4574,32.26,548.85,-52.4426,9.219999999999999,496.40740000000005
2019-02-14,54.41,63.92,611.5,1.5006,32.1,557.09,-52.9094,9.510000000000005,504.1806
2019-02-15,55.59,65.51,626.0,1.5785,29.46,570.41,-54.011500000000005,9.920000000000002,516.3985
2019-02-19,56.09,65.78,619.0,1.5693,31.0,562.91,-54.520700000000005,9.689999999999998,508.38929999999993
2019-02-20,56.92,66.71,625.75,1.6128,30.76,568.83,-55.3072,9.789999999999992,513.5228000000001
2019-02-21,56.75,66.79,628.25,1.611,30.16,571.5,-55.139,10.040000000000006,516.361
2019-02-22,57.11,66.79,628.5,1.595,29.85,571.39,-55.515,9.680000000000007,515.875
2019-02-25,55.33,63.8,614.0,1.5284,32.69,558.67,-53.8016,8.469999999999999,504.86839999999995
2019-02-26,55.5,64.27,623.75,1.5887,31.57,568.25,-53.9113,8.769999999999996,514.3387
2019-02-27,56.94,65.59,628.25,1.6265,31.01,571.31,-55.3135,8.650000000000006,515.9965
2019-02-28,57.22,65.12,632.25,1.644,30.27,575.03,-55.576,7.900000000000006,519.454
2019-03-01,55.8,63.79,623.0,1.6331,30.31,567.2,-54.1669,7.990000000000002,513.0331000000001
2019-03-04,56.59,64.52,625.75,1.6456,30.2,569.16,-54.9444,7.929999999999993,514.2156
2019-03-05,56.56,64.33,625.75,1.6565,29.79,569.19,-54.9035,7.769999999999996,514.2865
2019-03-06,56.22,64.61,626.25,1.6775,29.69,570.03,-54.5425,8.39,515.4875
2019-03-07,56.66,64.83,624.75,1.8057,30.43,568.09,-54.854299999999995,8.170000000000002,513.2357000000001
2019-03-08,56.07,63.7,620.25,1.8122,29.77,564.18,-54.2578,7.630000000000003,509.9222
2019-03-11,56.79,65.11,619.25,1.8503,29.18,562.46,-54.9397,8.32,507.5203
2019-03-12,56.87,65.37,615.0,1.8494,28.56,558.13,-55.020599999999995,8.500000000000007,503.1094
2019-03-13,58.26,65.82,617.5,1.9075,28.13,559.24,-56.3525,7.559999999999995,502.8875
2019-03-14,58.61,66.1,616.5,1.8901,27.22,557.89,-56.7199,7.489999999999995,501.1701
2019-03-15,58.52,66.21,611.0,1.8921,26.27,552.48,-56.627900000000004,7.689999999999991,495.8521
2019-03-18,59.09,66.72,611.25,1.917,26.48,552.16,-57.173,7.6299999999999955,494.98699999999997
2019-03-19,59.03,67.31,617.25,1.9407,28.44,558.22,-57.0893,8.280000000000001,501.13070000000005
2019-03-20,59.83,68.43,621.75,1.9843,27.21,561.92,-57.8457,8.600000000000009,504.07429999999994
2019-03-21,59.83,68.385,614.5,1.983,27.14,554.67,-57.847,8.555000000000007,496.823
2019-03-22,58.94,66.535,606.5,1.9759,27.78,547.56,-56.964099999999995,7.594999999999999,490.5959
2019-03-25,58.77,67.55,612.75,2.0131,29.32,553.98,-56.7569,8.779999999999994,497.22310000000004
2019-03-26,59.94,67.71,615.5,2.0359,27.92,555.56,-57.9041,7.769999999999996,497.6559
2019-03-27,59.41,67.48,613.5,1.9379,28.11,554.09,-57.4721,8.070000000000007,496.6179
2019-03-28,59.3,66.39,609.5,1.9239,28.52,550.2,-57.376099999999994,7.090000000000003,492.82390000000004
2019-03-29,60.14,68.135,609.25,1.9336,26.75,549.11,-58.2064,7.9950000000000045,490.9036
2019-04-01,61.59,69.195,615.0,1.9563,26.23,553.41,-59.633700000000005,7.60499999999999,493.7763
2019-04-02,62.58,69.745,622.0,1.9996,26.28,559.42,-60.5804,7.165000000000006,498.83959999999996
2019-04-03,62.46,69.315,620.25,2.0284,25.57,557.79,-60.4316,6.854999999999997,497.35839999999996
2019-04-04,62.1,69.855,622.25,2.0072,25.22,560.15,-60.092800000000004,7.755000000000003,500.05719999999997
2019-04-05,63.08,70.02,630.25,2.031,24.0,567.17,-61.049,6.939999999999998,506.121
2019-04-08,64.4,71.3,634.0,2.0503,24.33,569.6,-62.349700000000006,6.8999999999999915,507.25030000000004
2019-04-09,63.98,71.21,631.0,2.0789,24.66,567.02,-61.9011,7.229999999999997,505.1189
2019-04-10,64.61,71.77,640.5,2.1389,24.68,575.89,-62.4711,7.159999999999997,513.4189
2019-04-11,63.58,71.1,638.0,2.0935,25.7,574.42,-61.4865,7.519999999999996,512.9335
2019-04-12,63.89,71.62,641.25,2.0947,25.7,577.36,-61.7953,7.730000000000004,515.5647
2019-04-15,63.4,71.005,638.75,2.0963,25.51,575.35,-61.3037,7.604999999999997,514.0463
2019-04-16,64.05,70.86,645.5,2.0873,25.57,581.45,-61.9627,6.810000000000002,519.4873
2019-04-17,63.76,70.86,643.5,2.0899,25.19,579.74,-61.6701,7.100000000000001,518.0699
2019-04-18,64.0,70.325,641.5,2.1126,24.45,577.5,-61.8874,6.325000000000003,515.6126
2019-04-23,66.4,72.855,653.5,2.1246,26.56,587.1,-64.2754,6.454999999999998,522.8246
2019-04-24,65.84,73.71,649.25,2.1075,25.28,583.41,-63.7325,7.86999999999999,519.6775
2019-04-25,65.14,74.355,650.25,2.105,25.57,585.11,-63.035000000000004,9.215000000000003,522.075
2019-04-26,63.3,70.76,630.0,2.092,31.24,566.7,-61.208,7.460000000000008,505.4920000000001
2019-04-29,63.5,70.93,637.0,2.0778,29.04,573.5,-61.422200000000004,7.430000000000007,512.0778
2019-04-30,63.91,71.825,644.0,2.1151,29.31,580.09,-61.7949,7.915000000000006,518.2951
2019-05-01,63.6,71.66,649.75,2.1086,29.41,586.15,-61.4914,8.059999999999995,524.6586
2019-05-02,61.81,70.325,645.5,2.054,30.49,583.69,-59.756,8.515,523.9340000000001
2019-05-03,61.94,71.605,649.75,2.0646,29.88,587.81,-59.8754,9.665000000000006,527.9345999999999
2019-05-07,61.4,70.49,638.0,1.9595,34.07,576.6,-59.4405,9.089999999999996,517.1595
2019-05-08,62.12,70.815,642.75,1.9859,32.23,580.63,-60.1341,8.695,520.4959
2019-05-09,61.7,70.015,641.0,1.9891,32.48,579.3,-59.7109,8.314999999999998,519.5890999999999
2019-05-10,61.66,71.31,644.75,2.0038,32.8,583.09,-59.6562,9.650000000000006,523.4338
2019-05-13,61.04,72.66,639.5,1.9799,34.6,578.46,-59.0601,11.619999999999997,519.3999
2019-05-14,61.78,72.86,645.25,1.9904,32.13,583.47,-59.7896,11.079999999999998,523.6804000000001
2019-05-15,62.02,73.41,659.5,2.0237,29.26,597.48,-59.996300000000005,11.389999999999993,537.4837
2019-05-16,62.87,74.96,671.75,2.0628,29.42,608.88,-60.807199999999995,12.089999999999996,548.0728
2019-05-17,62.76,74.23,660.0,2.0282,29.44,597.24,-60.7318,11.470000000000006,536.5082
2019-05-20,63.1,73.54,653.25,1.9884,27.63,590.15,-61.1116,10.440000000000005,529.0384
2019-05-21,62.99,73.29,649.75,2.0053,26.93,586.76,-60.984700000000004,10.300000000000004,525.7753
2019-05-22,61.22,72.34,641.0,1.9456,28.19,579.78,-59.2744,11.120000000000005,520.5056
2019-05-23,57.71,68.95,615.0,1.8666,33.79,557.29,-55.8434,11.240000000000002,501.4466
2019-05-24,58.43,68.47,620.5,1.9241,33.19,562.07,-56.5059,10.04,505.56410000000005
2019-05-28,59.14,70.67,624.75,1.9137,34.36,565.61,-57.2263,11.530000000000001,508.38370000000003
2019-05-29,58.81,70.75,614.75,1.8979,36.43,555.94,-56.9121,11.939999999999998,499.02790000000005
2019-05-30,56.59,69.46,598.75,1.8334,39.62,542.16,-54.756600000000006,12.86999999999999,487.4034
2019-05-31,53.5,66.33,573.0,1.7521,46.91,519.5,-51.7479,12.829999999999998,467.7521
2019-06-03,53.25,64.07,561.25,1.7195,46.78,508.0,-51.5305,10.819999999999993,456.4695
2019-06-04,53.48,64.47,562.25,1.7134,43.46,508.77,-51.7666,10.990000000000002,457.0034
2019-06-05,51.68,62.91,550.0,1.6784,45.19,498.32,-50.001599999999996,11.229999999999997,448.3184
2019-06-06,52.59,63.56,559.75,1.7033,40.66,507.15999999999997,-50.886700000000005,10.969999999999999,456.27329999999995
2019-06-07,53.99,64.74,565.75,1.7284,38.75,511.76,-52.2616,10.749999999999993,459.4984
2019-06-10,53.26,64.9,562.25,1.7088,39.12,508.99,-51.551199999999994,11.640000000000008,457.4388
2019-06-11,53.27,64.16,564.0,1.7185,38.69,510.73,-51.551500000000004,10.889999999999993,459.1785
2019-06-12,51.14,62.36,550.75,1.6462,43.06,499.61,-49.4938,11.219999999999999,450.1162
2019-06-13,52.28,63.84,561.5,1.6911,41.56,509.22,-50.5889,11.560000000000002,458.6311
2019-06-14,52.51,63.49,568.75,1.701,42.89,516.24,-50.809,10.980000000000004,465.43100000000004
2019-06-17,51.93,63.15,559.25,1.6468,46.15,507.32,-50.2832,11.219999999999999,457.03679999999997
2019-06-18,53.9,63.9,567.25,1.6822,43.43,513.35,-52.2178,10.0,461.1322
2019-06-19,53.76,63.5,567.5,1.7143,40.79,513.74,-52.0457,9.740000000000002,461.6943
2019-06-20,56.65,66.01,585.0,1.7649,41.66,528.35,-54.8851,9.360000000000007,473.4649
2019-06-21,57.28,66.57,593.0,1.8031,42.13,535.72,-55.4769,9.289999999999992,480.2431
2019-06-24,57.7,65.8,587.75,1.8005,41.0,530.05,-55.8995,8.099999999999994,474.15049999999997
2019-06-25,57.59,66.77,598.0,1.8268,40.26,540.41,-55.763200000000005,9.179999999999993,484.6468
2019-06-26,59.38,67.4,604.0,1.9153,38.45,544.62,-57.4647,8.020000000000003,487.1553
2019-06-27,59.43,67.33,599.25,1.8992,37.84,539.82,-57.5308,7.899999999999999,482.28920000000005
2019-06-28,58.47,67.16,593.5,1.8859,39.46,535.03,-56.5841,8.689999999999998,478.4459
2019-07-01,59.09,65.74,597.0,1.9284,35.92,537.91,-57.16160000000001,6.6499999999999915,480.74839999999995
2019-07-02,56.25,63.48,578.0,1.8608,37.77,521.75,-54.3892,7.229999999999997,467.3608
2019-07-03,57.34,64.025,582.5,1.9057,36.72,525.16,-55.4343,6.685000000000002,469.72569999999996
2019-07-05,57.51,64.505,585.25,1.9057,34.7,527.74,-55.604299999999995,6.994999999999997,472.13570000000004
2019-07-08,57.66,65.11,581.75,1.9042,34.0,524.09,-55.755799999999994,7.450000000000003,468.3342
2019-07-09,57.83,64.57,586.75,1.9287,30.3,528.92,-55.9013,6.739999999999995,473.01869999999997
2019-07-10,60.43,66.51,607.0,2.0179,30.76,546.57,-58.4121,6.080000000000005,488.15790000000004
2019-07-11,60.2,67.85,610.75,2.0174,29.86,550.55,-58.1826,7.6499999999999915,492.3674
2019-07-12,60.21,66.94,610.75,2.0186,30.39,550.54,-58.1914,6.729999999999997,492.3486
2019-07-15,59.58,66.92,599.75,1.9309,30.83,540.17,-57.6491,7.340000000000003,482.5209
2019-07-16,57.62,65.855,587.0,1.8926,32.06,529.38,-55.727399999999996,8.235000000000007,473.6526
2019-07-17,56.78,63.62,581.75,1.8683,34.94,524.97,-54.9117,6.839999999999996,470.05830000000003
2019-07-18,55.3,60.935,578.25,1.8292,33.07,522.95,-53.4708,5.635000000000005,469.47920000000005
2019-07-19,55.63,61.25,580.75,1.8037,34.84,525.12,-53.8263,5.619999999999997,471.2937
2019-07-22,56.22,62.095,589.25,1.7912,33.63,533.03,-54.428799999999995,5.875,478.60119999999995
2019-07-23,56.65,62.48,594.5,1.8658,32.25,537.85,-54.7842,5.829999999999998,483.0658
2019-07-24,55.69,63.95,589.75,1.8051,32.86,534.06,-53.884899999999995,8.260000000000005,480.17509999999993
2019-07-25,55.84,63.62,589.5,1.8298,31.95,533.66,-54.010200000000005,7.779999999999994,479.64979999999997
2019-07-26,56.2,62.69,587.5,1.8257,32.29,531.3,-54.374300000000005,6.489999999999995,476.92569999999995
2019-07-29,56.87,62.535,591.5,1.8198,31.63,534.63,-55.0502,5.664999999999999,479.5798
2019-07-30,58.05,62.775,602.75,1.8504,30.07,544.7,-56.1996,4.725000000000001,488.50040000000007
2019-07-31,58.58,63.87,602.75,1.8733,30.77,544.17,-56.7067,5.289999999999999,487.46329999999995
2019-08-01,53.95,63.095,576.25,1.7656,36.43,522.3,-52.184400000000004,9.144999999999996,470.1156
2019-08-02,55.66,61.46,578.25,1.7946,35.56,522.59,-53.865399999999994,5.800000000000004,468.7246
2019-08-05,54.69,59.75,568.5,1.7138,37.04,513.81,-52.9762,5.060000000000002,460.83379999999994
2019-08-06,53.63,59.09,559.5,1.6882,36.43,505.87,-51.9418,5.460000000000001,453.9282
2019-08-07,51.09,55.67,544.5,1.6227,38.1,493.40999999999997,-49.4673,4.579999999999998,443.94269999999995
2019-08-08,52.54,56.87,550.5,1.6418,35.98,497.96,-50.8982,4.329999999999998,447.06179999999995
2019-08-09,54.5,57.89,559.0,1.6699,35.14,504.5,-52.8301,3.3900000000000006,451.6699
2019-08-12,54.93,57.54,561.5,1.626,34.43,506.57,-53.304,2.6099999999999994,453.26599999999996
2019-08-13,57.1,60.2,582.5,1.6944,33.19,525.4,-55.4056,3.1000000000000014,469.9944
2019-08-14,55.23,58.42,570.25,1.6313,35.83,515.02,-53.598699999999994,3.190000000000005,461.4213
2019-08-15,54.47,57.95,564.25,1.597,36.2,509.78,-52.873,3.480000000000004,456.907
2019-08-16,54.87,59.51,564.75,1.6084,35.02,509.88,-53.261599999999994,4.640000000000001,456.6184
2019-08-19,56.21,60.235,568.5,1.6248,32.99,512.29,-54.5852,4.024999999999999,457.7048
2019-08-20,56.34,59.535,573.0,1.7684,32.34,516.66,-54.571600000000004,3.194999999999993,462.0884
2019-08-21,55.73,60.98,574.75,1.7937,32.39,519.02,-53.936299999999996,5.25,465.08369999999996
2019-08-22,55.25,60.255,569.5,1.6746,32.39,514.25,-53.5754,5.005000000000003,460.6746
2019-08-23,54.11,59.09,561.0,1.6531,35.2,506.89,-52.4569,4.980000000000004,454.43309999999997
2019-08-27,54.93,58.995,568.0,1.5413,33.73,513.07,-53.3887,4.064999999999998,459.6813000000001
2019-08-28,55.78,60.815,575.25,1.5597,32.72,519.47,-54.2203,5.034999999999997,465.2497
2019-08-29,56.71,60.97,579.75,1.5759,31.82,523.04,-55.134100000000004,4.259999999999998,467.9059
2019-08-30,55.1,60.79,573.25,1.5249,32.16,518.15,-53.5751,5.689999999999998,464.57489999999996
2019-09-03,53.94,58.525,559.25,1.4672,35.73,505.31,-52.4728,4.585000000000001,452.8372
2019-09-04,56.26,61.055,581.5,1.4954,34.56,525.24,-54.7646,4.795000000000002,470.47540000000004
2019-09-05,56.3,62.91,583.5,1.5325,33.5,527.2,-54.7675,6.609999999999999,472.43250000000006
2019-09-06,56.52,61.605,585.75,1.5744,33.21,529.23,-54.945600000000006,5.084999999999994,474.2844
2019-09-09,57.85,64.1,597.75,1.5937,33.28,539.9,-56.2563,6.249999999999993,483.64369999999997
2019-09-10,57.4,64.725,601.25,1.5996,33.55,543.85,-55.800399999999996,7.324999999999996,488.04960000000005
2019-09-11,55.75,63.205,590.75,1.5888,34.94,535.0,-54.1612,7.454999999999998,480.8388
2019-09-12,55.09,61.13,584.5,1.5607,35.58,529.41,-53.529300000000006,6.039999999999999,475.88069999999993
2019-09-13,54.85,61.58,580.75,1.5632,35.48,525.9,-53.2868,6.729999999999997,472.6132
2019-09-16,62.9,68.175,643.25,1.7608,48.58,580.35,-61.139199999999995,5.274999999999999,519.2108000000001
2019-09-17,59.34,65.57,617.25,1.6737,44.89,557.91,-57.66630000000001,6.22999999999999,500.2437
2019-09-18,58.11,64.375,613.25,1.6756,40.44,555.14,-56.4344,6.265000000000001,498.7056
2019-09-19,58.13,64.34,625.75,1.7222,41.15,567.62,-56.4078,6.210000000000001,511.2122
2019-09-20,58.09,65.24,622.75,1.6581,38.99,564.66,-56.431900000000006,7.1499999999999915,508.2281
2019-09-23,58.49,64.715,615.75,1.6563,39.06,557.26,-56.8337,6.225000000000001,500.42629999999997
2019-09-24,57.17,64.23,602.5,1.6387,38.74,545.33,-55.5313,7.060000000000002,489.79870000000005
2019-09-25,56.32,62.645,603.5,1.6102,38.37,547.18,-54.7098,6.325000000000003,492.4702
2019-09-26,56.41,62.34,603.25,1.6355,37.52,546.84,-54.774499999999996,5.930000000000007,492.06550000000004
2019-09-27,55.91,62.71,603.75,1.6316,38.9,547.84,-54.2784,6.800000000000004,493.56160000000006
2019-09-30,54.07,61.3,588.75,1.5815,38.75,534.68,-52.4885,7.229999999999997,482.19149999999996
2019-10-01,53.62,60.485,590.75,1.5837,38.88,537.13,-52.0363,6.865000000000002,485.0937
2019-10-02,52.64,58.515,573.75,1.5569,39.62,521.11,-51.0831,5.875,470.0269
2019-10-03,52.45,58.6,573.0,1.5585,40.4,520.55,-50.8915,6.149999999999999,469.65849999999995
2019-10-04,52.81,59.63,583.0,1.5698,39.31,530.19,-51.2402,6.82,478.94980000000004
2019-10-07,52.75,59.93,585.75,1.5583,39.42,533.0,-51.1917,7.18,481.80830000000003
2019-10-08,52.63,58.72,583.0,1.5648,39.49,530.37,-51.065200000000004,6.089999999999996,479.3048
2019-10-09,52.59,60.155,591.75,1.5659,38.0,539.16,-51.024100000000004,7.564999999999998,488.1359
2019-10-10,53.55,59.585,592.25,1.6147,39.52,538.7,-51.9353,6.035000000000004,486.76470000000006
2019-10-11,54.7,60.97,600.0,1.6176,39.65,545.3,-53.0824,6.269999999999996,492.21759999999995
2019-10-14,53.59,59.72,584.75,1.5985,40.21,531.16,-51.9915,6.1299999999999955,479.1685
2019-10-15,52.81,60.08,587.0,1.5772,39.47,534.19,-51.232800000000005,7.269999999999996,482.95720000000006
2019-10-16,53.36,60.19,592.5,1.5838,39.47,539.14,-51.7762,6.829999999999998,487.36379999999997
2019-10-17,53.93,60.23,595.5,1.5864,37.71,541.57,-52.3436,6.299999999999997,489.22640000000007
2019-10-18,53.78,60.81,593.75,1.5993,36.43,539.97,-52.1807,7.030000000000001,487.7893
2019-10-21,53.31,59.89,592.5,1.5381,36.66,539.19,-51.7719,6.579999999999998,487.41810000000004
2019-10-22,54.16,61.36,594.5,1.5447,35.52,540.34,-52.6153,7.200000000000003,487.72470000000004
2019-10-23,55.77,61.38,602.0,1.5726,35.66,546.23,-54.1974,5.609999999999999,492.0326
2019-10-24,56.02,62.51,609.25,1.5789,35.95,553.23,-54.441100000000006,6.489999999999995,498.7889
2019-10-25,56.46,62.84,607.0,1.5823,34.64,550.54,-54.877700000000004,6.380000000000003,495.66229999999996
2019-10-28,55.81,60.87,600.0,1.6062,35.64,544.19,-54.2038,5.059999999999995,489.98620000000005
2019-10-29,55.54,61.62,596.0,1.6008,35.7,540.46,-53.9392,6.079999999999998,486.5208
2019-10-30,55.06,60.81,584.25,1.5682,34.36,529.19,-53.491800000000005,5.75,475.69820000000004
2019-10-31,54.18,59.94,574.25,1.5539,35.84,520.07,-52.6261,5.759999999999998,467.44390000000004
2019-11-01,56.2,60.68,588.5,1.6173,34.37,532.3,-54.5827,4.479999999999997,477.71729999999997
2019-11-04,56.54,63.07,596.75,1.6203,35.63,540.21,-54.9197,6.530000000000001,485.29030000000006
2019-11-05,57.23,63.26,597.5,1.6325,33.77,540.27,-55.5975,6.030000000000001,484.6725
2019-11-06,56.35,62.56,592.0,1.5769,33.22,535.65,-54.7731,6.210000000000001,480.8769
2019-11-07,57.15,63.12,588.0,1.5748,31.45,530.85,-55.575199999999995,5.969999999999999,475.2748
2019-11-08,57.24,62.55,589.75,1.5605,31.45,532.51,-55.679500000000004,5.309999999999995,476.8305
2019-11-11,56.86,63.04,588.0,1.5316,34.22,531.14,-55.3284,6.18,475.8116
2019-11-12,56.8,62.74,578.25,1.5284,33.74,521.45,-55.2716,5.940000000000005,466.17840000000007
2019-11-13,57.12,62.81,584.75,1.5656,35.15,527.63,-55.554399999999994,5.690000000000005,472.0756
2019-11-14,56.77,62.99,588.25,1.5515,33.94,531.48,-55.218500000000006,6.219999999999999,476.2615
2019-11-15,57.72,63.81,598.5,1.5642,32.42,540.78,-56.1558,6.090000000000003,484.6242
2019-11-18,57.05,63.56,579.75,1.5501,33.68,522.7,-55.4999,6.510000000000005,467.2001
2019-11-19,55.21,62.93,567.75,1.5406,32.94,512.54,-53.6694,7.719999999999999,458.87059999999997
2019-11-20,57.11,64.6,578.75,1.5771,32.2,521.64,-55.5329,7.489999999999995,466.1071
2019-11-21,58.53,65.73,590.75,1.6322,31.59,532.22,-56.897800000000004,7.200000000000003,475.3222
2019-11-22,57.7,65.68,589.5,1.6063,32.38,531.8,-56.093700000000005,7.980000000000004,475.70629999999994
2019-11-25,57.94,65.54,592.25,1.623,31.9,534.31,-56.317,7.6000000000000085,477.99299999999994
2019-11-26,58.41,65.92,595.25,1.6352,31.25,536.84,-56.7748,7.510000000000005,480.0652
2019-11-27,58.11,66.12,596.0,1.6142,30.82,537.89,-56.4958,8.010000000000005,481.39419999999996
2019-12-02,55.96,64.46,576.25,1.5026,34.97,520.29,-54.4574,8.499999999999993,465.83259999999996
2019-12-03,56.1,64.27,576.75,1.4848,35.05,520.65,-54.6152,8.169999999999995,466.03479999999996
2019-12-04,58.43,66.34,587.0,1.5185,32.21,528.57,-56.9115,7.910000000000004,471.65850000000006
2019-12-05,58.43,66.79,589.0,1.5402,30.41,530.57,-56.8898,8.360000000000007,473.68020000000007
2019-12-06,59.2,67.58,596.5,1.5615,30.02,537.3,-57.6385,8.379999999999995,479.66149999999993
2019-12-09,59.02,67.36,590.75,1.5677,30.02,531.73,-57.4523,8.339999999999996,474.27770000000004
2019-12-10,59.24,67.49,596.25,1.5642,27.94,537.01,-57.6758,8.249999999999993,479.3342
2019-12-11,58.76,66.35,587.75,1.5355,27.81,528.99,-57.2245,7.589999999999996,471.76550000000003
2019-12-12,59.18,67.56,597.75,1.5375,27.44,538.57,-57.6425,8.380000000000003,480.92750000000007
2019-12-13,60.07,68.36,605.0,1.5723,26.76,544.93,-58.4977,8.29,486.43229999999994
2019-12-16,60.21,68.91,613.25,1.5494,26.51,553.04,-58.6606,8.699999999999996,494.3794
2019-12-17,60.94,70.03,619.75,1.5947,26.33,558.81,-59.345299999999995,9.090000000000003,499.46469999999994
2019-12-18,60.93,70.15,616.75,1.599,26.77,555.82,-59.331,9.220000000000006,496.48900000000003
2019-12-19,61.22,70.98,619.75,1.6438,24.8,558.53,-59.5762,9.760000000000005,498.9538
2019-12-20,60.41,69.99,617.25,1.6462,25.54,556.84,-58.763799999999996,9.579999999999998,498.07620000000003
2019-12-23,60.51,68.88,619.0,1.654,25.11,558.49,-58.855999999999995,8.369999999999997,499.634
2019-12-24,61.06,70.52,624.25,1.6782,25.46,563.19,-59.381800000000005,9.459999999999994,503.80820000000006
2019-12-27,61.72,70.23,630.25,1.706,25.16,568.53,-60.013999999999996,8.510000000000005,508.51599999999996
2019-12-30,61.68,69.62,627.25,1.6654,25.86,565.57,-60.0146,7.940000000000005,505.5554000000001
2019-12-31,61.06,68.9,621.5,1.6319,28.3,560.44,-59.4281,7.840000000000003,501.0119000000001
2020-01-02,61.18,68.11,621.75,1.6468,28.75,560.57,-59.5332,6.93,501.0368
2020-01-03,63.05,70.04,635.25,1.7002,31.92,572.2,-61.349799999999995,6.990000000000009,510.85020000000003
2020-01-06,63.27,70.535,624.75,1.7058,32.32,561.48,-61.5642,7.2649999999999935,499.9158
2020-01-07,62.7,69.345,624.25,1.6795,31.8,561.55,-61.020500000000006,6.644999999999996,500.5294999999999
2020-01-08,59.61,67.655,605.75,1.5955,32.6,546.14,-58.0145,8.045000000000002,488.1255
2020-01-09,59.56,67.09,600.0,1.5919,33.22,540.44,-57.9681,7.530000000000001,482.47190000000006
2020-01-10,59.04,67.23,594.5,1.6012,30.38,535.46,-57.4388,8.190000000000005,478.0212
2020-01-13,58.08,64.49,581.5,1.599,34.25,523.42,-56.481,6.409999999999997,466.93899999999996
2020-01-14,58.23,64.65,583.25,1.5887,33.62,525.02,-56.641299999999994,6.420000000000009,468.3787
2020-01-15,57.81,63.575,580.5,1.5736,33.38,522.69,-56.2364,5.765000000000001,466.45360000000005
2020-01-16,58.52,64.98,576.25,1.5888,29.79,517.73,-56.931200000000004,6.460000000000001,460.7988
2020-01-17,58.54,64.46,577.75,1.5815,28.6,519.21,-56.9585,5.919999999999995,462.2515
2020-01-21,58.34,64.11,571.0,1.5978,27.66,512.66,-56.742200000000004,5.769999999999996,455.91779999999994
2020-01-22,56.64,62.57,555.75,1.5405,30.7,499.11,-55.0995,5.93,444.01050000000004
2020-01-23,55.5,61.915,554.75,1.524,31.95,499.25,-53.976,6.414999999999999,445.274
2020-01-24,54.12,60.08,539.25,1.4744,34.55,485.13,-52.645599999999995,5.960000000000001,432.4844
2020-01-27,53.14,59.29,512.75,1.4428,37.72,459.61,-51.6972,6.149999999999999,407.9128
2020-01-28,53.48,60.11,533.25,1.4652,36.42,479.77,-52.014799999999994,6.630000000000003,427.7552
2020-01-29,53.33,60.98,525.5,1.5055,35.73,472.17,-51.8245,7.649999999999999,420.3455
2020-01-30,52.14,59.29,512.25,1.4576,37.49,460.11,-50.6824,7.149999999999999,409.4276
2020-01-31,51.56,59.31,502.5,1.4614,40.35,450.94,-50.098600000000005,7.75,400.8414
2020-02-03,50.11,55.69,485.25,1.4111,41.81,435.14,-48.6989,5.579999999999998,386.4411
2020-02-04,49.61,55.52,492.25,1.3729,39.44,442.64,-48.2371,5.910000000000004,394.4029
2020-02-05,50.75,56.91,512.25,1.4213,37.88,461.5,-49.3287,6.159999999999997,412.1713
2020-02-06,50.95,56.74,514.25,1.4218,36.44,463.3,-49.528200000000005,5.789999999999999,413.7718
2020-02-07,50.32,56.12,507.0,1.4462,37.51,456.68,-48.8738,5.799999999999997,407.8062
2020-02-10,49.57,55.04,495.5,1.4563,39.01,445.93,-48.1137,5.469999999999999,397.8163
2020-02-11,49.94,55.68,499.5,1.4542,37.52,449.56,-48.4858,5.740000000000002,401.0742
2020-02-12,51.17,57.17,517.25,1.5307,35.58,466.08,-49.6393,6.0,416.4407
2020-02-13,51.42,57.95,518.0,1.5298,35.84,466.58,-49.8902,6.530000000000001,416.6898
2020-02-14,52.05,58.92,522.25,1.5304,35.93,470.2,-50.5196,6.8700000000000045,419.68039999999996
2020-02-18,52.05,59.06,509.0,1.5669,33.47,456.95,-50.4831,7.010000000000005,406.4669
2020-02-19,53.29,61.31,523.25,1.6261,32.27,469.96,-51.6639,8.020000000000003,418.29609999999997
2020-02-20,53.78,61.66,518.75,1.6336,33.16,464.97,-52.1464,7.8799999999999955,412.82360000000006
2020-02-21,53.3,60.34,517.0,1.6181,35.87,463.7,-51.6819,7.040000000000006,412.0181
2020-02-24,51.33,57.91,493.75,1.5763,39.53,442.42,-49.753699999999995,6.579999999999998,392.66630000000004
2020-02-25,49.76,57.95,484.25,1.493,42.5,434.49,-48.266999999999996,8.190000000000005,386.223
2020-02-26,48.73,56.835,461.5,1.4033,43.4,412.77,-47.326699999999995,8.105000000000004,365.44329999999997
2020-02-27,47.09,54.25,448.5,1.3868,49.42,401.40999999999997,-45.7032,7.159999999999997,355.7068
2020-02-28,44.76,53.42,454.25,1.3616,51.25,409.49,-43.398399999999995,8.660000000000004,366.0916
2020-03-02,46.75,54.57,471.75,1.4145,48.33,425.0,-45.3355,7.82,379.6645
2020-03-03,47.18,54.185,464.5,1.4175,50.8,417.32,-45.7625,7.005000000000003,371.5575
2020-03-04,46.78,53.83,467.0,1.4726,50.59,420.22,-45.3074,7.049999999999997,374.9126
2020-03-05,45.9,53.185,452.5,1.4242,52.58,406.6,-44.4758,7.285000000000004,362.12420000000003
2020-03-06,41.28,48.0,418.75,1.2806,65.02,377.47,-39.9994,6.719999999999999,337.47060000000005
2020-03-09,31.13,37.21,344.0,1.0217,115.92,312.87,-30.1083,6.080000000000002,282.7617
2020-03-10,34.36,36.11,378.75,1.1458,92.93,344.39,-33.2142,1.75,311.1758
2020-03-11,32.98,35.41,373.25,1.1178,105.25,340.27,-31.862199999999998,2.4299999999999997,308.4078
2020-03-12,31.5,31.79,339.25,0.9165,123.45,307.75,-30.5835,0.28999999999999915,277.1665
2020-03-13,31.73,32.96,348.25,0.9292,118.48,316.52,-30.8008,1.2300000000000004,285.7192
2020-03-16,28.7,28.58,305.0,0.7182,128.5,276.3,-27.9818,-0.120000000000001,248.31820000000002
2020-03-17,26.95,28.57,301.5,0.7152,133.32,274.55,-26.2348,1.620000000000001,248.3152
2020-03-18,20.37,23.57,287.0,0.599,166.79,266.63,-19.771,3.1999999999999993,246.85899999999998
2020-03-19,25.22,24.7,301.5,0.6736,164.06,276.28,-24.5464,-0.5199999999999996,251.73359999999997
2020-03-20,22.43,26.19,304.25,0.543,190.08,281.82,-21.887,3.7600000000000016,259.933
2020-03-23,20.36,22.45,301.25,0.4039,185.68,280.89,-19.9561,2.09,260.9339
2020-03-24,20.01,25.25,314.25,0.4375,170.86,294.24,-19.5725,5.239999999999998,274.6675
2020-03-25,18.99,24.62,316.75,0.5296,144.03,297.76,-18.4604,5.630000000000003,279.2996
2020-03-26,22.6,24.61,309.75,0.52,150.06,287.15,-22.080000000000002,2.009999999999998,265.07
2020-03-27,21.51,21.84,310.75,0.5529,175.88,289.24,-20.9571,0.3299999999999983,268.2829
2020-03-30,20.09,18.05,296.75,0.5459,174.22,276.66,-19.5441,-2.039999999999999,257.1159
2020-03-31,20.48,18.7,290.0,0.5272,170.55,269.52,-19.9528,-1.7800000000000011,249.56719999999999
2020-04-01,20.31,14.62,275.5,0.4812,158.98,255.19,-19.828799999999998,-5.6899999999999995,235.3612
2020-04-02,25.32,18.15,288.25,0.5883,162.65,262.93,-24.7317,-7.170000000000002,238.19830000000002
2020-04-03,28.34,22.18,315.25,0.6084,141.68,286.91,-27.7316,-6.16,259.1784
2020-04-06,26.08,20.94,306.25,0.6061,144.19,280.17,-25.473899999999997,-5.139999999999997,254.69610000000003
2020-04-07,23.63,22.71,301.5,0.5478,139.13,277.87,-23.0822,-0.9199999999999982,254.7878
2020-04-08,25.09,23.82,292.0,0.5772,141.46,266.91,-24.5128,-1.2699999999999996,242.39720000000003
2020-04-09,22.76,21.68,284.5,0.6042,129.88,261.74,-22.155800000000003,-1.0800000000000018,239.5842
2020-04-14,20.11,21.78,265.5,0.6563,115.48,245.39,-19.453699999999998,1.6700000000000017,225.9363
2020-04-15,19.87,18.89,256.25,0.6596,120.38,236.38,-19.2104,-0.9800000000000004,217.1696
2020-04-16,19.87,17.94,266.25,0.6443,115.1,246.38,-19.2257,-1.9299999999999997,227.1543
2020-04-17,18.27,19.24,268.5,0.6484,95.91,250.23,-17.6216,0.9699999999999989,232.6084
2020-04-20,-37.63,17.76,251.0,0.5666,226.13,288.63,38.196600000000004,55.39,326.8266
2020-04-21,10.01,11.41,203.0,0.4965,325.15,192.99,-9.5135,1.4000000000000004,183.47650000000002
2020-04-22,12.28,13.37,205.25,0.6239,236.8,192.97,-11.656099999999999,1.0899999999999999,181.3139
2020-04-23,15.75,15.76,207.0,0.6274,211.0,191.25,-15.1226,0.009999999999999787,176.1274
2020-04-24,16.04,15.58,199.0,0.6267,173.53,182.96,-15.4133,-0.4599999999999991,167.54670000000002
2020-04-27,12.78,14.07,183.75,0.624,185.47,170.97,-12.155999999999999,1.290000000000001,158.814
2020-04-28,12.34,14.89,186.75,0.6455,198.77,174.41,-11.6945,2.5500000000000007,162.7155
2020-04-29,15.06,17.32,205.5,0.7121,195.59,190.44,-14.347900000000001,2.26,176.0921
2020-04-30,18.84,17.69,230.5,0.7388,104.98,211.66,-18.1012,-1.1499999999999986,193.5588
2020-05-01,19.78,17.72,232.75,0.7204,110.18,212.97,-19.0596,-2.0600000000000023,193.9104
2020-05-04,20.39,18.56,227.0,0.7766,97.42,206.61,-19.613400000000002,-1.8300000000000018,186.9966
2020-05-05,24.56,23.65,268.75,0.8597,97.27,244.19,-23.7003,-0.9100000000000001,220.4897
2020-05-06,23.99,22.92,231.25,0.843,115.39,207.26,-23.147,-1.0699999999999967,184.113
2020-05-07,23.55,24.88,230.5,0.9023,110.62,206.95,-22.6477,1.3299999999999983,184.3023
2020-05-11,24.14,25.36,239.5,0.8875,109.72,215.36,-23.2525,1.2199999999999989,192.10750000000002
2020-05-12,25.78,26.4,224.5,0.8867,86.86,198.72,-24.8933,0.6199999999999974,173.8267
2020-05-13,25.29,28.65,229.5,0.8261,82.83,204.21,-24.4639,3.3599999999999994,179.7461
2020-05-14,27.56,29.01,248.5,0.8734,80.05,220.94,-26.6866,1.4500000000000028,194.2534
2020-05-15,29.43,30.24,261.75,0.9354,76.39,232.32,-28.4946,0.8099999999999987,203.8254
2020-05-18,31.82,34.01,291.5,0.9883,76.14,259.68,-30.8317,2.1899999999999977,228.8483
2020-05-19,32.5,32.94,276.75,0.9912,73.22,244.25,-31.5088,0.4399999999999977,212.7412
2020-05-20,33.79,34.51,286.25,1.0011,73.62,252.46,-32.7889,0.7199999999999989,219.67110000000002
2020-05-21,34.17,34.54,283.0,1.0019,89.06,248.82999999999998,-33.1681,0.36999999999999744,215.66189999999997
2020-05-22,33.55,33.24,288.0,0.9971,84.98,254.45,-32.552899999999994,-0.30999999999999517,221.8971
2020-05-26,34.35,34.965,290.5,1.0124,75.47,256.15,-33.3376,0.615000000000002,222.81239999999997
2020-05-27,32.81,33.985,282.25,0.9625,73.89,249.44,-31.847500000000004,1.1749999999999972,217.5925
2020-05-28,33.71,34.94,279.0,0.976,72.98,245.29,-32.734,1.2299999999999969,212.55599999999998
2020-05-29,35.49,35.475,292.75,1.0156,69.23,257.26,-34.4744,-0.015000000000000568,222.7856
2020-06-01,35.44,37.35,297.25,1.0141,64.38,261.81,-34.4259,1.9100000000000037,227.3841
2020-06-02,36.81,38.87,314.25,1.0754,64.71,277.44,-35.7346,2.059999999999995,241.7054
2020-06-03,37.29,38.895,305.25,1.0663,65.73,267.96,-36.2237,1.605000000000004,231.73629999999997
2020-06-04,37.41,39.055,309.5,1.0921,65.13,272.09000000000003,-36.317899999999995,1.6450000000000031,235.77210000000002
2020-06-05,39.55,42.385,332.5,1.1601,64.2,292.95,-38.3899,2.835000000000001,254.56009999999998
2020-06-08,38.19,41.5,324.75,1.1313,67.24,286.56,-37.058699999999995,3.3100000000000023,249.50130000000001
2020-06-09,38.94,41.4,332.75,1.1643,67.76,293.81,-37.7757,2.460000000000001,256.03430000000003
2020-06-10,39.6,41.79,340.25,1.1728,63.06,300.65,-38.4272,2.1899999999999977,262.2228
2020-06-11,36.34,39.53,316.5,1.0732,69.96,280.15999999999997,-35.2668,3.1899999999999977,244.89319999999998
2020-06-12,36.26,40.08,325.5,1.076,70.22,289.24,-35.184,3.8200000000000003,254.056
2020-06-15,37.12,40.37,334.0,1.1247,68.11,296.88,-35.9953,3.25,260.8847
2020-06-16,38.38,41.795,342.75,1.1738,66.63,304.37,-37.2062,3.414999999999999,267.1638
2020-06-17,37.96,41.93,347.5,1.1793,61.45,309.54,-36.7807,3.969999999999999,272.7593
2020-06-18,38.84,43.08,351.75,1.2192,61.35,312.90999999999997,-37.6208,4.239999999999995,275.28919999999994
2020-06-19,39.75,44.165,355.75,1.2205,58.73,316.0,-38.5295,4.414999999999999,277.4705
2020-06-22,40.46,44.325,362.25,1.2506,56.76,321.79,-39.2094,3.865000000000002,282.5806
2020-06-23,40.27,44.88,357.25,1.2647,58.83,316.98,-39.005300000000005,4.609999999999999,277.9747
2020-06-24,37.91,42.14,344.0,1.1622,64.96,306.09000000000003,-36.7478,4.230000000000004,269.34220000000005
2020-06-25,38.67,42.4,346.25,1.1628,62.69,307.58,-37.507200000000005,3.729999999999997,270.0728
2020-06-26,38.49,42.17,337.5,1.1289,63.69,299.01,-37.3611,3.6799999999999997,261.64889999999997
2020-06-29,39.7,42.785,347.0,1.1656,60.04,307.3,-38.534400000000005,3.0849999999999937,268.7656
2020-06-30,39.27,43.16,352.75,1.1731,57.66,313.48,-38.096900000000005,3.8899999999999935,275.3831
2020-07-01,39.82,43.805,358.75,1.1848,53.43,318.93,-38.6352,3.9849999999999994,280.2948
2020-07-02,40.65,44.275,366.75,1.2293,51.29,326.1,-39.4207,3.625,286.6793
2020-07-07,40.62,44.95,369.5,1.2465,51.39,328.88,-39.3735,4.330000000000005,289.5065
2020-07-08,40.9,44.87,372.75,1.2624,48.85,331.85,-39.6376,3.969999999999999,292.2124
2020-07-09,39.62,43.96,367.0,1.2184,53.77,327.38,-38.401599999999995,4.340000000000003,288.9784
2020-07-10,40.55,44.52,370.0,1.2481,49.71,329.45,-39.301899999999996,3.970000000000006,290.1481
2020-07-13,40.1,44.82,363.75,1.2375,53.41,323.65,-38.862500000000004,4.719999999999999,284.78749999999997
2020-07-14,40.29,44.74,366.0,1.2091,53.04,325.71,-39.0809,4.450000000000003,286.6291
2020-07-15,41.2,45.33,371.75,1.225,47.05,330.55,-39.975,4.1299999999999955,290.575
2020-07-16,40.75,45.465,370.25,1.1845,46.12,329.5,-39.5655,4.715000000000003,289.9345
2020-07-17,40.59,45.045,368.0,1.1789,40.22,327.40999999999997,-39.411100000000005,4.454999999999998,287.99889999999994
2020-07-20,40.81,44.525,374.0,1.183,42.59,333.19,-39.627,3.7149999999999963,293.563
2020-07-21,41.96,46.225,386.25,1.2321,41.1,344.29,-40.7279,4.265000000000001,303.56210000000004
2020-07-22,41.85,45.075,385.25,1.2281,41.3,343.4,-40.621900000000004,3.2250000000000014,302.7781
2020-07-23,41.02,45.285,378.0,1.1979,43.83,336.98,-39.822100000000006,4.2649999999999935,297.15790000000004
2020-07-24,41.14,44.75,380.75,1.2225,42.35,339.61,-39.917500000000004,3.6099999999999994,299.6925
2020-07-27,41.6,44.25,378.75,1.2089,41.37,337.15,-40.3911,2.6499999999999986,296.7589
2020-07-28,41.04,44.64,372.25,1.2043,41.09,331.21,-39.8357,3.6000000000000014,291.37429999999995
2020-07-29,41.27,45.2,379.5,1.18,39.58,338.23,-40.09,3.9299999999999997,298.14
2020-07-30,39.92,44.03,366.5,1.1526,42.06,326.58,-38.7674,4.109999999999999,287.8126
2020-07-31,40.27,44.805,367.5,1.1291,44.43,327.23,-39.1409,4.534999999999997,288.08910000000003
2020-08-03,41.01,45.47,368.0,1.1708,41.56,326.99,-39.8392,4.460000000000001,287.1508
2020-08-04,41.7,45.58,375.25,1.1683,40.28,333.55,-40.5317,3.8799999999999955,293.0183
2020-08-05,42.19,47.19,381.75,1.1817,37.12,339.56,-41.0083,5.0,298.5517
2020-08-06,41.95,46.59,376.75,1.1906,37.59,334.8,-40.7594,4.640000000000001,294.04060000000004
2020-08-07,41.22,45.84,369.75,1.1726,37.43,328.53,-40.047399999999996,4.6200000000000045,288.4826
2020-08-10,41.94,45.66,372.75,1.1879,35.74,330.81,-40.7521,3.719999999999999,290.0579
2020-08-11,41.61,45.805,375.0,1.1618,37.5,333.39,-40.4482,4.195,292.9418
2020-08-12,42.67,46.4,380.75,1.1973,34.74,338.08,-41.4727,3.729999999999997,296.6073
2020-08-13,42.24,46.41,378.75,1.1883,34.87,336.51,-41.051700000000004,4.169999999999995,295.4583
2020-08-14,42.01,46.05,377.75,1.1954,35.1,335.74,-40.8146,4.039999999999999,294.9254
2020-08-17,42.89,46.12,378.0,1.2209,32.43,335.11,-41.6691,3.229999999999997,293.4409
2020-08-18,42.89,46.61,379.25,1.2339,31.7,336.36,-41.6561,3.719999999999999,294.70390000000003
2020-08-19,42.93,46.37,376.25,1.2413,32.85,333.32,-41.6887,3.4399999999999977,291.6313
2020-08-20,42.58,45.84,370.75,1.2422,32.83,328.17,-41.3378,3.260000000000005,286.8322
2020-08-21,42.19,44.88,359.0,1.249,33.68,316.81,-40.940999999999995,2.690000000000005,275.869
2020-08-24,42.47,45.88,368.25,1.3165,32.25,325.78,-41.1535,3.4100000000000037,284.62649999999996
2020-08-25,43.15,47.51,375.5,1.2859,33.03,332.35,-41.8641,4.359999999999999,290.4859
2020-08-26,43.39,47.18,371.5,1.2708,33.79,328.11,-42.1192,3.789999999999999,285.99080000000004
2020-08-27,43.04,46.25,360.0,1.2171,33.74,316.96,-41.8229,3.210000000000001,275.1371
2020-08-28,42.97,46.49,363.5,1.2265,32.06,320.53,-41.7435,3.520000000000003,278.7865
2020-09-01,42.76,46.69,367.25,1.2,31.74,324.49,-41.559999999999995,3.9299999999999997,282.93
2020-09-02,41.51,46.115,361.5,1.1722,35.49,319.99,-40.3378,4.605000000000004,279.6522
2020-09-03,41.37,43.52,342.0,1.1776,41.28,300.63,-40.1924,2.1500000000000057,260.4376
2020-09-04,39.77,42.905,343.75,1.1487,44.02,303.98,-38.621300000000005,3.134999999999998,265.3587
2020-09-08,36.76,40.335,318.0,1.0771,55.9,281.24,-35.6829,3.575000000000003,245.55710000000002
2020-09-09,38.05,41.47,323.75,1.0874,49.42,285.7,-36.962599999999995,3.4200000000000017,248.73739999999998
2020-09-10,37.3,41.12,320.75,1.0508,52.16,283.45,-36.249199999999995,3.8200000000000003,247.2008
2020-09-11,37.33,40.39,323.5,1.048,50.13,286.17,-36.282,3.0600000000000023,249.88800000000003
2020-09-14,37.26,39.92,318.5,1.0674,49.41,281.24,-36.1926,2.6600000000000037,245.0474
2020-09-15,38.28,40.54,321.0,1.1029,45.19,282.72,-37.1771,2.259999999999998,245.54290000000003
2020-09-16,40.16,42.15,325.75,1.148,41.13,285.59000000000003,-39.01199999999999,1.990000000000002,246.57800000000003
2020-09-17,40.97,43.495,339.0,1.1822,38.73,298.03,-39.7878,2.5249999999999986,258.24219999999997
2020-09-18,41.11,43.505,339.0,1.1968,39.07,297.89,-39.913199999999996,2.395000000000003,257.97679999999997
2020-09-21,39.31,41.445,321.25,1.1401,42.89,281.94,-38.169900000000005,2.134999999999998,243.77009999999999
2020-09-22,39.6,42.215,325.75,1.13,41.28,286.15,-38.47,2.615000000000002,247.67999999999998
2020-09-23,39.73,42.64,326.25,1.1547,44.64,286.52,-38.5753,2.9100000000000037,247.94469999999998
2020-09-24,40.16,41.88,322.0,1.1562,42.88,281.84000000000003,-39.0038,1.720000000000006,242.83620000000002
2020-09-25,40.1,41.745,329.0,1.1965,41.41,288.9,-38.9035,1.644999999999996,249.99649999999997
2020-09-28,40.6,42.295,335.5,1.2237,40.64,294.9,-39.3763,1.6950000000000003,255.52369999999996
2020-09-29,39.29,41.25,330.75,1.1668,46.13,291.46,-38.1232,1.9600000000000009,253.33679999999998
2020-09-30,40.22,41.18,335.0,1.1645,44.0,294.78,-39.0555,0.9600000000000009,255.72449999999998
2020-10-01,38.72,40.17,322.5,1.1441,49.35,283.78,-37.5759,1.4500000000000028,246.20409999999998
2020-10-02,37.05,39.425,317.5,1.1078,55.51,280.45,-35.9422,2.375,244.50779999999997
2020-10-05,39.22,40.91,332.75,1.1844,49.44,293.53,-38.0356,1.6899999999999977,255.49439999999998
2020-10-06,40.67,41.865,346.75,1.2253,46.6,306.08,-39.444700000000005,1.1950000000000003,266.6353
2020-10-07,39.95,41.115,337.0,1.1962,45.5,297.05,-38.753800000000005,1.1649999999999991,258.2962
2020-10-08,41.19,42.405,348.25,1.2231,41.15,307.06,-39.966899999999995,1.2150000000000034,267.0931
2020-10-09,40.6,42.655,351.5,1.1835,42.38,310.9,-39.4165,2.0549999999999997,271.4835
2020-10-12,39.43,41.26,339.5,1.1461,44.04,300.07,-38.2839,1.8299999999999983,261.7861
2020-10-13,40.2,42.05,341.5,1.1482,46.07,301.3,-39.0518,1.8499999999999943,262.2482
2020-10-14,41.04,42.3,345.0,1.1575,43.53,303.96,-39.8825,1.259999999999998,264.0775
2020-10-15,40.96,41.665,344.0,1.1329,43.83,303.04,-39.8271,0.7049999999999983,263.2129
2020-10-16,40.88,42.08,347.0,1.1256,44.06,306.12,-39.754400000000004,1.1999999999999957,266.3656
2020-10-19,40.83,42.345,344.5,1.1089,43.35,303.67,-39.7211,1.5150000000000006,263.94890000000004
2020-10-20,41.46,41.695,339.75,1.1272,43.85,298.29,-40.3328,0.23499999999999943,257.9572
2020-10-21,39.83,40.95,331.25,1.0887,47.58,291.42,-38.741299999999995,1.1200000000000045,252.67870000000002
2020-10-22,40.47,42.27,339.75,1.1008,46.61,299.28,-39.3692,1.8000000000000043,259.9108
2020-10-23,39.67,41.915,338.0,1.095,46.32,298.33,-38.575,2.2449999999999974,259.755
2020-10-26,38.56,39.84,324.5,1.059,53.05,285.94,-37.501000000000005,1.2800000000000011,248.439
2020-10-27,39.57,40.62,333.5,1.0908,50.22,293.93,-38.4792,1.0499999999999972,255.45080000000002
2020-10-28,37.39,38.86,318.5,1.0246,59.61,281.11,-36.3654,1.4699999999999989,244.74460000000002
2020-10-29,36.17,37.245,309.5,0.9871,63.38,273.33,-35.182900000000004,1.0749999999999957,238.14709999999997
2020-10-30,35.79,37.405,308.5,0.9908,68.84,272.71,-34.7992,1.615000000000002,237.9108
2020-11-02,36.81,37.61,310.5,1.0067,66.73,273.69,-35.8033,0.7999999999999972,237.8867
2020-11-03,37.66,39.08,320.25,1.0366,63.63,282.59000000000003,-36.6234,1.4200000000000017,245.96660000000003
2020-11-04,39.15,40.115,332.0,1.0689,54.53,292.85,-38.0811,0.9650000000000034,254.76890000000003
2020-11-05,38.79,40.385,330.25,1.0766,53.69,291.46,-37.7134,1.5949999999999989,253.74659999999997
2020-11-06,37.14,39.31,325.75,1.0428,55.75,288.61,-36.0972,2.1700000000000017,252.51280000000003
2020-11-09,40.29,41.995,347.75,1.1188,52.2,307.46,-39.1712,1.7049999999999983,268.2888
2020-11-10,41.36,42.645,354.5,1.1531,49.64,313.14,-40.2069,1.2850000000000037,272.93309999999997
2020-11-11,41.45,43.815,362.0,1.1315,49.24,320.55,-40.3185,2.364999999999995,280.2315
2020-11-12,41.12,43.315,356.25,1.1177,50.9,315.13,-40.0023,2.1950000000000003,275.1277
2020-11-13,40.13,42.51,346.25,1.0861,48.24,306.12,-39.0439,2.3799999999999955,267.0761
2020-11-16,41.34,43.845,353.75,1.1088,46.89,312.40999999999997,-40.2312,2.5049999999999955,272.17879999999997
2020-11-17,41.43,43.02,351.25,1.1228,45.08,309.82,-40.3072,1.5900000000000034,269.51279999999997
2020-11-18,41.82,43.83,362.5,1.1311,46.06,320.68,-40.688900000000004,2.009999999999998,279.9911
2020-11-19,41.74,43.72,359.75,1.1191,46.34,318.01,-40.6209,1.9799999999999969,277.3891
2020-11-20,42.15,44.185,362.25,1.1346,43.94,320.1,-41.0154,2.0350000000000037,279.0846
2020-11-23,42.88,45.525,373.5,1.165,42.79,330.62,-41.715,2.644999999999996,288.905
2020-11-24,44.71,47.255,392.5,1.2113,42.84,347.79,-43.4987,2.5450000000000017,304.29130000000004
2020-11-25,45.51,47.505,393.0,1.2275,43.56,347.49,-44.2825,1.9950000000000045,303.2075
2020-11-30,45.34,47.075,389.75,1.1982,47.37,344.40999999999997,-44.1418,1.7349999999999994,300.2682
2020-12-01,44.55,47.905,389.25,1.1771,47.81,344.7,-43.372899999999994,3.355000000000004,301.3271
2020-12-02,45.28,48.625,394.0,1.2028,45.68,348.72,-44.0772,3.344999999999999,304.6428
2020-12-03,45.64,49.14,399.5,1.224,40.95,353.86,-44.416000000000004,3.5,309.444
2020-12-04,46.26,49.92,401.0,1.2293,38.34,354.74,-45.030699999999996,3.6600000000000037,309.7093
2020-12-07,45.76,49.775,405.75,1.2111,37.68,359.99,-44.548899999999996,4.015000000000001,315.4411
2020-12-08,45.6,49.825,407.5,1.2087,37.7,361.9,-44.3913,4.225000000000001,317.5087
2020-12-09,45.52,49.78,404.0,1.229,39.52,358.48,-44.291000000000004,4.259999999999998,314.189
2020-12-10,46.78,51.835,420.5,1.278,39.7,373.72,-45.502,5.055,328.218
2020-12-11,46.57,51.025,414.75,1.2703,39.51,368.18,-45.2997,4.454999999999998,322.88030000000003
2020-12-14,46.99,50.53,412.25,1.2817,39.96,365.26,-45.7083,3.539999999999999,319.5517
2020-12-15,47.62,51.625,421.75,1.2881,39.34,374.13,-46.3319,4.005000000000003,327.7981
2020-12-16,47.82,51.32,420.75,1.3141,38.68,372.93,-46.5059,3.5,326.4241
2020-12-17,48.36,51.935,429.0,1.3555,36.86,380.64,-47.0045,3.575000000000003,333.6355
2020-12-18,49.1,52.875,437.5,1.3518,37.15,388.4,-47.748200000000004,3.7749999999999986,340.6518
2020-12-21,47.74,50.88,417.75,1.3193,41.56,370.01,-46.420700000000004,3.1400000000000006,323.5893
2020-12-22,46.9,51.015,421.0,1.3005,42.06,374.1,-45.5995,4.115000000000002,328.50050000000005
2020-12-23,47.97,52.06,429.5,1.341,39.89,381.53,-46.629,4.090000000000003,334.90099999999995
2020-12-24,48.08,51.36,426.5,1.337,39.41,378.42,-46.742999999999995,3.280000000000001,331.677
2020-12-29,48.0,51.42,427.75,1.3495,38.64,379.75,-46.6505,3.4200000000000017,333.0995
2020-12-30,48.4,51.305,428.75,1.3674,38.01,380.35,-47.0326,2.905000000000001,333.3174
2020-12-31,48.52,51.665,424.75,1.3761,37.83,376.23,-47.1439,3.144999999999996,329.0861
2021-01-04,47.62,51.025,423.75,1.3366,42.12,376.13,-46.2834,3.405000000000001,329.84659999999997
2021-01-05,49.93,53.345,436.0,1.4106,40.39,386.07,-48.5194,3.414999999999999,337.5506
2021-01-06,50.63,54.765,439.75,1.4284,39.31,389.12,-49.2016,4.134999999999998,339.9184
2021-01-07,50.83,54.58,440.0,1.436,36.06,389.17,-49.394,3.75,339.776
2021-01-08,52.24,55.7,447.75,1.5053,36.65,395.51,-50.734700000000004,3.460000000000001,344.7753
2021-01-11,52.25,55.315,448.75,1.489,35.31,396.5,-50.761,3.0649999999999977,345.739
2021-01-12,53.21,56.415,463.25,1.5272,33.85,410.04,-51.6828,3.2049999999999983,358.35720000000003
2021-01-13,52.91,56.18,462.0,1.5219,36.79,409.09000000000003,-51.388099999999994,3.270000000000003,357.7019
2021-01-14,53.57,55.61,462.0,1.5282,37.95,408.43,-52.0418,2.039999999999999,356.3882
2021-01-15,52.36,55.125,454.0,1.4903,40.39,401.64,-50.8697,2.7650000000000006,350.77029999999996
2021-01-19,52.98,56.035,462.25,1.498,35.37,409.27,-51.482,3.0549999999999997,357.788
2021-01-20,53.24,56.44,461.25,1.5119,35.67,408.01,-51.728100000000005,3.1999999999999957,356.2819
2021-01-21,53.09,56.165,457.5,1.5156,35.05,404.40999999999997,-51.574400000000004,3.0749999999999957,352.83559999999994
2021-01-22,52.25,55.675,451.25,1.5129,36.25,399.0,-50.7371,3.424999999999997,348.2629
2021-01-25,52.75,55.55,451.5,1.526,38.02,398.75,-51.224,2.799999999999997,347.526
2021-01-26,52.61,55.775,453.75,1.5411,37.13,401.14,-51.0689,3.164999999999999,350.0711
2021-01-27,52.85,55.975,459.5,1.536,40.21,406.65,-51.314,3.125,355.33599999999996
2021-01-28,52.34,55.485,454.25,1.5417,40.45,401.90999999999997,-50.798300000000005,3.144999999999996,351.1117
2021-01-29,52.2,55.815,454.0,1.5134,40.2,401.8,-50.686600000000006,3.614999999999995,351.1134
2021-02-01,53.55,56.565,457.5,1.5519,39.16,403.95,-51.998099999999994,3.0150000000000006,351.9519
2021-02-02,54.76,58.485,475.75,1.5727,38.62,420.99,-53.1873,3.7250000000000014,367.8027
2021-02-03,55.69,59.24,481.0,1.6007,37.11,425.31,-54.089299999999994,3.5500000000000043,371.2207
2021-02-04,56.23,59.24,480.0,1.5955,35.37,423.77,-54.634499999999996,3.010000000000005,369.1355
2021-02-05,56.85,60.26,492.0,1.601,34.94,435.15,-55.249,3.4099999999999966,379.90099999999995
2021-02-08,57.97,60.3,498.25,1.6274,34.48,440.28,-56.3426,2.3299999999999983,383.93739999999997
2021-02-09,58.36,60.735,501.0,1.6152,33.54,442.64,-56.7448,2.375,385.8952
2021-02-10,58.68,61.375,505.75,1.5939,33.77,447.07,-57.0861,2.6950000000000003,389.9839
2021-02-11,58.24,61.58,505.25,1.5977,34.33,447.01,-56.6423,3.3399999999999963,390.3677
2021-02-12,59.47,62.24,506.25,1.6415,34.25,446.78,-57.8285,2.770000000000003,388.95149999999995
2021-02-16,60.05,63.885,518.25,1.7404,35.13,458.2,-58.309599999999996,3.835000000000001,399.8904
2021-02-17,61.14,64.74,522.25,1.794,36.9,461.11,-59.346000000000004,3.5999999999999943,401.764
2021-02-18,60.52,64.7,529.75,1.7752,37.9,469.23,-58.744800000000005,4.18,410.4852
2021-02-19,59.24,63.675,526.0,1.8049,37.76,466.76,-57.435100000000006,4.434999999999995,409.32489999999996
2021-02-22,61.49,64.225,528.5,1.8445,38.57,467.01,-59.6455,2.7349999999999923,407.3645
2021-02-23,61.62,65.165,534.25,1.8511,39.75,472.63,-59.768899999999995,3.545000000000009,412.8611
2021-02-24,63.18,66.755,543.5,1.8726,39.58,480.32,-61.3074,3.5749999999999957,419.0126
2021-02-25,63.57,67.11,544.5,1.8713,40.58,480.93,-61.6987,3.539999999999999,419.23130000000003
2021-02-26,61.5,66.02,534.5,1.8414,42.49,473.0,-59.6586,4.519999999999996,413.3414
2021-03-01,60.64,65.8,528.75,1.8637,42.56,468.11,-58.7763,5.159999999999997,409.3337
2021-03-02,59.75,64.1,520.0,1.8924,40.96,460.25,-57.8576,4.349999999999994,402.3924
2021-03-03,61.28,64.9,522.75,1.8967,39.83,461.47,-59.3833,3.6200000000000045,402.0867
2021-03-04,63.83,67.78,538.25,1.9165,37.27,474.42,-61.9135,3.950000000000003,412.5065
2021-03-05,66.09,69.43,550.0,1.9768,36.61,483.90999999999997,-64.1132,3.3400000000000034,419.79679999999996
2021-03-08,65.05,68.325,549.0,1.9493,38.89,483.95,-63.100699999999996,3.2750000000000057,420.84929999999997
2021-03-09,64.01,66.845,540.25,2.0011,37.97,476.24,-62.008900000000004,2.8349999999999937,414.2311
2021-03-10,64.44,66.62,534.0,2.0582,37.56,469.56,-62.3818,2.180000000000007,407.1782
2021-03-11,66.02,68.885,549.25,2.124,37.86,483.23,-63.895999999999994,2.865000000000009,419.334
2021-03-12,65.61,68.88,554.5,2.1386,37.51,488.89,-63.4714,3.269999999999996,425.41859999999997
2021-03-15,65.39,68.41,544.5,2.0833,39.38,479.11,-63.3067,3.019999999999996,415.80330000000004
2021-03-16,64.8,67.635,540.5,2.075,39.1,475.7,-62.724999999999994,2.835000000000008,412.975
2021-03-17,64.6,67.24,532.25,2.0174,37.4,467.65,-62.58259999999999,2.6400000000000006,405.06739999999996
2021-03-18,60.0,64.535,516.5,1.912,48.44,456.5,-58.088,4.534999999999997,398.412
2021-03-19,61.42,63.36,513.0,1.9022,44.38,451.58,-59.5178,1.9399999999999977,392.06219999999996
2021-03-22,61.55,63.7,514.75,1.9124,40.28,453.2,-59.6376,2.1500000000000057,393.56239999999997
2021-03-23,57.71,61.64,499.0,1.845,48.62,441.29,-55.865,3.9299999999999997,385.425
2021-03-24,61.13,63.67,509.25,1.9389,64.91,448.12,-59.191100000000006,2.539999999999999,388.9289
2021-03-25,58.49,61.585,489.75,1.8726,49.88,431.26,-56.6174,3.094999999999999,374.6426
2021-03-26,60.97,63.83,514.75,1.9238,44.93,453.78,-59.0462,2.8599999999999994,394.7338
2021-03-29,61.56,62.86,507.5,1.9548,44.16,445.94,-59.6052,1.2999999999999972,386.3348
2021-03-30,60.55,62.995,509.75,1.9502,41.46,449.2,-58.599799999999995,2.4450000000000003,390.6002
2021-03-31,59.16,62.685,508.25,1.9212,45.65,449.09000000000003,-57.2388,3.5250000000000057,391.85120000000006
2021-04-01,61.45,61.62,502.75,1.9835,40.15,441.3,-59.4665,0.1699999999999946,381.8335
2021-04-06,59.33,61.53,509.75,1.9454,42.41,450.42,-57.3846,2.200000000000003,393.03540000000004
2021-04-07,59.77,60.29,500.75,1.931,41.27,440.98,-57.839000000000006,0.519999999999996,383.141
2021-04-08,59.6,61.18,507.0,1.946,40.7,447.4,-57.654,1.5799999999999983,389.746
2021-04-09,59.32,61.435,509.0,1.9437,39.19,449.68,-57.3763,2.115000000000002,392.3037
2021-04-12,59.7,62.04,514.5,1.9465,37.04,454.8,-57.7535,2.3399999999999963,397.04650000000004
2021-04-13,60.18,62.345,513.0,1.9498,35.2,452.82,-58.230199999999996,2.164999999999999,394.58979999999997
2021-04-14,63.15,65.08,532.0,2.0069,35.7,468.85,-61.1431,1.9299999999999997,407.7069
2021-04-15,63.46,65.05,533.0,2.0156,34.2,469.54,-61.4444,1.5899999999999963,408.0956
2021-04-16,63.13,65.25,534.25,1.9863,32.79,471.12,-61.1437,2.1199999999999974,409.9763
2021-04-19,63.38,65.72,532.5,1.9908,35.07,469.12,-61.3892,2.3399999999999963,407.7308
2021-04-20,62.44,63.975,522.0,1.9663,35.68,459.56,-60.4737,1.5350000000000037,399.0863
2021-04-21,61.35,64.0,523.75,1.931,42.44,462.4,-59.419000000000004,2.6499999999999986,402.981
2021-04-22,61.46,64.645,524.0,1.9316,39.39,462.54,-59.5284,3.184999999999995,403.01160000000004
2021-04-23,62.18,65.16,528.0,1.9567,38.7,465.82,-60.2233,2.979999999999997,405.5967
2021-04-26,61.91,65.14,526.25,1.9395,41.23,464.34000000000003,-59.970499999999994,3.230000000000004,404.3695
2021-04-27,62.94,65.36,529.75,1.9854,38.44,466.81,-60.9546,2.4200000000000017,405.85540000000003
2021-04-28,63.86,67.03,543.75,2.032,36.42,479.89,-61.828,3.1700000000000017,418.062
2021-04-29,65.01,67.45,548.25,2.0627,36.37,483.24,-62.947300000000006,2.4399999999999977,420.2927
2021-04-30,63.58,67.135,537.75,2.0303,38.39,474.17,-61.5497,3.555000000000007,412.62030000000004
2021-05-04,65.69,68.65,555.25,2.1026,37.15,489.56,-63.587399999999995,2.960000000000008,425.9726
2021-05-05,65.63,69.645,563.0,2.1004,38.33,497.37,-63.529599999999995,4.015000000000001,433.8404
2021-05-06,64.71,68.49,554.5,2.0616,37.74,489.79,-62.648399999999995,3.780000000000001,427.14160000000004
2021-05-07,64.9,68.105,554.5,2.0786,37.63,489.6,-62.821400000000004,3.2049999999999983,426.77860000000004
2021-05-10,64.92,67.87,557.25,2.085,37.99,492.33,-62.835,2.950000000000003,429.495
2021-05-11,65.28,68.16,562.0,2.089,37.93,496.72,-63.191,2.8799999999999955,433.529
2021-05-12,66.08,69.37,572.5,2.0948,36.94,506.42,-63.9852,3.2900000000000063,442.4348
2021-05-13,63.82,67.275,552.75,2.0382,37.94,488.93,-61.781800000000004,3.4550000000000054,427.1482
2021-05-14,65.37,68.51,561.5,2.0706,36.46,496.13,-63.299400000000006,3.1400000000000006,432.8306
2021-05-17,66.27,68.9,567.75,2.1022,36.42,501.48,-64.1678,2.6300000000000097,437.3122
2021-05-18,65.49,68.91,569.5,2.1112,37.01,504.01,-63.3788,3.4200000000000017,440.6312
2021-05-19,63.36,65.97,547.0,2.0563,38.82,483.64,-61.3037,2.6099999999999994,422.3363
2021-05-20,62.05,65.805,550.75,1.9981,39.43,488.7,-60.051899999999996,3.7550000000000097,428.6481
2021-05-21,63.7,66.47,550.5,2.0141,39.34,486.8,-61.685900000000004,2.769999999999996,425.1141
2021-05-24,66.2,67.815,560.25,2.0635,35.54,494.05,-64.1365,1.6149999999999949,429.9135
2021-05-25,66.27,68.165,562.25,2.0622,36.23,495.98,-64.20779999999999,1.8950000000000102,431.7722
2021-05-26,66.21,68.385,566.5,2.0903,33.89,500.29,-64.1197,2.1750000000000114,436.1703
2021-05-27,66.85,68.515,566.25,2.0968,33.63,499.4,-64.75319999999999,1.6650000000000063,434.6468
2021-05-28,66.32,68.8,571.0,2.0784,33.54,504.68,-64.24159999999999,2.480000000000004,440.4384
2021-06-01,67.72,69.195,577.0,2.117,33.43,509.28,-65.603,1.4749999999999943,443.67699999999996
2021-06-02,68.83,69.315,582.5,2.1431,32.77,513.67,-66.6869,0.48499999999999943,446.9831
2021-06-03,68.81,69.335,580.5,2.1533,33.89,511.69,-66.6567,0.5249999999999915,445.0333
2021-06-04,69.62,70.025,586.0,2.1618,31.76,516.38,-67.4582,0.40500000000000114,448.92179999999996
2021-06-07,69.23,69.795,585.0,2.1433,31.7,515.77,-67.08670000000001,0.5649999999999977,448.6833
2021-06-08,70.05,69.935,585.5,2.1792,31.95,515.45,-67.8708,-0.11499999999999488,447.5792
2021-06-09,69.96,70.435,589.25,2.1564,31.79,519.29,-67.80359999999999,0.4750000000000085,451.4864
2021-06-10,70.29,70.635,592.25,2.1685,33.03,521.96,-68.12150000000001,0.34499999999999886,453.8385
2021-06-11,70.91,70.97,592.25,2.1412,32.55,521.34,-68.7688,0.060000000000002274,452.57120000000003
2021-06-14,70.88,71.68,597.0,2.1276,33.13,526.12,-68.7524,0.8000000000000114,457.36760000000004
2021-06-15,72.12,72.275,598.75,2.1244,31.56,526.63,-69.99560000000001,0.15500000000000114,456.63439999999997
2021-06-16,72.15,73.38,608.5,2.109,33.83,536.35,-70.04100000000001,1.2299999999999898,466.309
2021-06-17,71.04,72.005,594.5,2.0832,36.84,523.46,-68.9568,0.9649999999999892,454.50320000000005
2021-06-18,71.64,72.145,596.0,2.1209,33.95,524.36,-69.5191,0.5049999999999955,454.84090000000003
2021-06-21,73.66,73.08,598.5,2.1455,35.01,524.84,-71.5145,-0.5799999999999983,453.32550000000003
2021-06-22,73.06,73.87,603.5,2.1727,34.28,530.44,-70.8873,0.8100000000000023,459.5527000000001
2021-06-23,73.28,74.655,610.25,2.2201,34.68,536.97,-71.0599,1.375,465.91010000000006
2021-06-24,73.45,74.875,606.75,2.2317,32.05,533.3,-71.2183,1.4249999999999972,462.08169999999996
2021-06-25,74.25,75.37,609.75,2.2147,31.3,535.5,-72.0353,1.1200000000000045,463.4647
2021-06-28,72.91,74.48,603.75,2.1661,31.86,530.84,-70.7439,1.5700000000000074,460.09610000000004
2021-06-29,72.98,74.61,604.25,2.1897,31.99,531.27,-70.7903,1.6299999999999955,460.4797
2021-06-30,73.47,76.73,601.0,2.1937,32.74,527.53,-71.27629999999999,3.260000000000005,456.2537
2021-07-01,75.23,76.43,610.5,2.2257,32.47,535.27,-73.0043,1.2000000000000028,462.2657
2021-07-02,75.16,77.18,616.0,2.2576,32.87,540.84,-72.9024,2.0200000000000102,467.93760000000003
2021-07-06,73.37,75.97,602.0,2.1912,37.59,528.63,-71.17880000000001,2.5999999999999943,457.4512
2021-07-07,72.2,73.945,590.0,2.1679,42.01,517.8,-70.0321,1.7449999999999903,447.76789999999994
2021-07-08,72.94,74.605,596.5,2.2206,38.8,523.56,-70.7194,1.6650000000000063,452.84059999999994
2021-07-09,74.56,77.115,614.25,2.2585,37.02,539.69,-72.3015,2.5549999999999926,467.3885
2021-07-12,74.1,76.61,609.75,2.2449,38.73,535.65,-71.8551,2.510000000000005,463.7949
2021-07-13,75.25,76.66,616.5,2.2897,35.4,541.25,-72.9603,1.4099999999999966,468.2897
2021-07-14,73.13,76.665,616.0,2.265,38.2,542.87,-70.865,3.535000000000011,472.005
2021-07-15,71.65,75.2,604.75,2.2208,38.04,533.1,-69.42920000000001,3.549999999999997,463.6708
2021-07-16,71.81,74.415,600.5,2.224,37.15,528.69,-69.586,2.605000000000004,459.10400000000004
2021-07-19,66.42,69.92,566.0,2.0887,46.36,499.58,-64.3313,3.5,435.2487
2021-07-20,67.42,69.8,566.75,2.1111,52.26,499.33,-65.30890000000001,2.3799999999999955,434.0211
2021-07-21,70.55,72.215,588.5,2.1948,42.91,517.95,-68.3552,1.6650000000000063,449.5948000000001
2021-07-22,72.06,73.505,597.0,2.2437,36.44,524.94,-69.8163,1.4449999999999932,455.12370000000004
2021-07-23,72.27,74.455,603.0,2.2619,34.05,530.73,-70.0081,2.1850000000000023,460.7219
2021-07-26,71.91,74.24,603.25,2.2931,35.59,531.34,-69.6169,2.3299999999999983,461.72310000000004
2021-07-27,71.65,74.715,604.25,2.2594,35.14,532.6,-69.3906,3.0649999999999977,463.2094
2021-07-28,72.39,74.815,605.0,2.2576,34.62,532.61,-70.1324,2.424999999999997,462.4776
2021-07-29,73.62,75.6,613.25,2.3118,33.36,539.63,-71.3082,1.9799999999999898,468.3218
2021-07-30,73.95,76.365,617.25,2.3226,32.85,543.3,-71.62740000000001,2.414999999999992,471.67259999999993
2021-08-02,71.26,73.825,600.5,2.2628,36.23,529.24,-68.9972,2.5649999999999977,460.2428
2021-08-03,70.56,73.0,596.0,2.2602,37.55,525.44,-68.2998,2.4399999999999977,457.14020000000005
2021-08-04,68.15,71.795,585.0,2.2484,42.27,516.85,-65.9016,3.644999999999996,450.9484
2021-08-05,69.09,72.305,588.75,2.2936,39.09,519.66,-66.7964,3.2150000000000034,452.86359999999996
2021-08-06,68.28,71.7,584.5,2.2578,39.31,516.22,-66.0222,3.4200000000000017,450.19780000000003
2021-08-09,66.48,69.435,565.75,2.2286,43.28,499.27,-64.2514,2.9549999999999983,435.0186
2021-08-10,68.29,71.32,584.0,2.2333,39.28,515.71,-66.0567,3.029999999999987,449.65330000000006
2021-08-11,69.25,70.745,580.25,2.2656,38.32,511.0,-66.9844,1.4950000000000045,444.0156
2021-08-12,69.09,71.525,587.25,2.2334,36.5,518.16,-66.8566,2.4350000000000023,451.30339999999995
2021-08-13,68.44,71.385,586.75,2.2244,35.91,518.31,-66.2156,2.9450000000000074,452.09439999999995
2021-08-16,67.29,70.07,575.25,2.1491,38.84,507.96,-65.1409,2.779999999999987,442.8191
2021-08-17,66.59,70.135,578.25,2.1013,39.5,511.65999999999997,-64.48870000000001,3.5450000000000017,447.1713
2021-08-18,65.46,69.5,575.0,2.081,40.86,509.54,-63.37899999999999,4.040000000000006,446.16100000000006
2021-08-19,63.69,66.465,547.75,2.0124,40.98,484.06,-61.6776,2.7750000000000057,422.3824
2021-08-20,62.32,66.42,550.75,1.9561,40.67,488.43,-60.3639,4.100000000000001,428.0661
2021-08-23,65.81,69.085,574.0,2.0515,38.67,508.19,-63.758500000000005,3.2749999999999915,444.43149999999997
2021-08-24,67.67,70.93,590.0,2.074,36.79,522.33,-65.596,3.260000000000005,456.73400000000004
2021-08-25,68.41,71.465,594.0,2.1797,35.6,525.59,-66.2303,3.055000000000007,459.35970000000003
2021-08-26,67.42,70.81,593.75,2.1219,36.33,526.33,-65.2981,3.3900000000000006,461.03190000000006
2021-08-27,68.74,71.905,603.0,2.1568,34.93,534.26,-66.58319999999999,3.1650000000000063,467.6768
2021-08-31,68.5,73.19,605.75,2.1713,34.28,537.25,-66.3287,4.689999999999998,470.9213
2021-09-01,68.59,71.21,600.25,2.1404,36.13,531.66,-66.4496,2.6199999999999903,465.21039999999994
2021-09-02,69.99,73.71,622.5,2.1978,31.35,552.51,-67.7922,3.719999999999999,484.7178
2021-09-03,69.29,73.25,619.0,2.1634,36.91,549.71,-67.12660000000001,3.9599999999999937,482.58340000000004
2021-09-07,68.35,71.405,609.0,2.1469,32.91,540.65,-66.20309999999999,3.055000000000007,474.44689999999997
2021-09-08,69.3,72.145,610.25,2.1191,31.91,540.95,-67.1809,2.844999999999999,473.76910000000004
2021-09-09,68.14,72.06,610.25,2.0894,33.87,542.11,-66.0506,3.9200000000000017,476.0594
2021-09-10,69.72,71.985,614.25,2.1497,33.54,544.53,-67.5703,2.2650000000000006,476.9597
2021-09-13,70.45,72.645,619.75,2.1579,32.74,549.3,-68.2921,2.194999999999993,481.00789999999995
2021-09-14,70.46,72.905,620.25,2.1657,33.63,549.79,-68.29429999999999,2.4450000000000074,481.49569999999994
2021-09-15,72.61,74.745,636.25,2.1885,32.38,563.64,-70.4215,2.135000000000005,493.2185
2021-09-16,72.61,74.08,632.5,2.1482,33.16,559.89,-70.4618,1.4699999999999989,489.4282
2021-09-17,71.97,73.895,635.0,2.1272,32.32,563.03,-69.8428,1.9249999999999972,493.18719999999996
2021-09-20,70.29,73.48,630.75,2.0627,35.23,560.46,-68.2273,3.1899999999999977,492.2327
2021-09-21,70.56,73.28,623.5,2.0475,34.45,552.94,-68.5125,2.719999999999999,484.42750000000007
2021-09-22,72.33,73.835,639.0,2.0687,32.43,566.67,-70.26129999999999,1.5049999999999955,496.40869999999995
2021-09-23,73.45,74.915,650.25,2.1112,32.3,576.8,-71.3388,1.4650000000000034,505.46119999999996
2021-09-24,74.13,76.0,657.5,2.1075,34.01,583.37,-72.0225,1.8700000000000045,511.3475
2021-09-27,75.45,77.775,671.0,2.1347,34.98,595.55,-73.31530000000001,2.325000000000003,522.2347
2021-09-28,75.29,77.22,667.0,2.1123,36.1,591.71,-73.1777,1.9299999999999926,518.5323000000001
2021-09-29,74.83,76.83,669.5,2.1422,35.26,594.67,-72.6878,2.0,521.9821999999999
2021-09-30,75.03,76.695,679.25,2.1561,38.68,604.22,-72.8739,1.664999999999992,531.3461
2021-10-01,75.88,77.55,676.0,2.2194,37.38,600.12,-73.6606,1.6700000000000017,526.4594
2021-10-04,77.62,80.33,702.25,2.2777,37.27,624.63,-75.34230000000001,2.7099999999999937,549.2877
2021-10-05,78.93,81.725,723.25,2.3269,37.2,644.3199999999999,-76.60310000000001,2.7949999999999875,567.7168999999999
2021-10-06,77.43,80.225,706.75,2.2727,41.02,629.3199999999999,-75.1573,2.7949999999999875,554.1627
2021-10-07,78.3,81.085,707.75,2.2988,46.15,629.45,-76.0012,2.7849999999999966,553.4488
2021-10-08,79.35,81.955,719.75,2.329,38.0,640.4,-77.021,2.605000000000004,563.379
2021-10-11,80.52,83.24,730.5,2.3307,38.51,649.98,-78.1893,2.719999999999999,571.7907
2021-10-12,80.64,82.645,724.5,2.3257,37.1,643.86,-78.3143,2.0049999999999955,565.5457
2021-10-13,80.44,82.47,728.75,2.3569,36.05,648.31,-78.0831,2.030000000000001,570.2268999999999
2021-10-14,81.31,82.495,734.25,2.3769,36.98,652.94,-78.9331,1.1850000000000023,574.0069000000001
2021-10-15,82.28,83.735,753.5,2.4152,34.05,671.22,-79.8648,1.4549999999999983,591.3552
2021-10-18,82.44,83.305,744.5,2.4129,35.02,662.06,-80.0271,0.8650000000000091,582.0328999999999
2021-10-19,82.96,83.91,738.75,2.3967,35.14,655.79,-80.5633,0.9500000000000028,575.2266999999999
2021-10-20,83.87,84.315,742.25,2.4334,35.16,658.38,-81.4366,0.4449999999999932,576.9434
2021-10-21,83.25,82.85,727.5,2.4088,36.55,644.25,-80.8412,-0.4000000000000057,563.4088
2021-10-22,84.61,84.085,737.25,2.4222,36.87,652.64,-82.1878,-0.5250000000000057,570.4522
2021-10-25,84.26,84.435,750.25,2.4562,36.07,665.99,-81.80380000000001,0.17499999999999716,584.1862
2021-10-26,84.65,84.12,749.0,2.435,35.5,664.35,-82.215,-0.5300000000000011,582.135
2021-10-27,82.66,83.31,732.5,2.3584,37.63,649.84,-80.3016,0.6500000000000057,569.5384
2021-10-28,82.81,81.95,719.5,2.348,37.23,636.69,-80.462,-0.8599999999999994,556.2280000000001
2021-10-29,83.57,82.43,723.25,2.359,37.92,639.6800000000001,-81.211,-1.1399999999999864,558.469
2021-11-01,84.05,83.285,728.5,2.3934,36.74,644.45,-81.6566,-0.7650000000000006,562.7934
2021-11-02,83.91,83.18,726.25,2.434,35.56,642.34,-81.476,-0.7299999999999898,560.864
2021-11-03,80.86,80.68,709.0,2.3088,39.44,628.14,-78.5512,-0.1799999999999926,549.5888
2021-11-04,78.81,80.42,713.5,2.2521,38.56,634.69,-76.5579,1.6099999999999994,558.1321
2021-11-05,81.27,81.325,725.0,2.2753,37.84,643.73,-78.9947,0.05500000000000682,564.7353
2021-11-08,81.93,82.28,731.25,2.2641,37.71,649.3199999999999,-79.66590000000001,0.3499999999999943,569.6541
2021-11-09,84.15,83.075,738.75,2.3098,36.33,654.6,-81.84020000000001,-1.0750000000000028,572.7598
2021-11-10,81.34,83.36,740.75,2.2262,37.09,659.41,-79.1138,2.019999999999996,580.2962
2021-11-11,81.59,82.305,716.5,2.2348,36.2,634.91,-79.3552,0.7150000000000034,555.5548
2021-11-12,80.79,82.1,710.0,2.2222,36.1,629.21,-78.5678,1.309999999999988,550.6422
2021-11-15,80.88,80.64,695.25,2.2233,36.42,614.37,-78.6567,-0.23999999999999488,535.7133
2021-11-16,80.76,82.68,708.25,2.2217,34.69,627.49,-78.5383,1.9200000000000017,548.9517
2021-11-17,78.36,82.375,697.0,2.1675,33.75,618.64,-76.1925,4.015000000000001,542.4475
2021-11-18,79.01,82.09,693.25,2.1839,37.68,614.24,-76.82610000000001,3.0799999999999983,537.4139
2021-11-19,76.1,79.885,664.75,2.1042,37.13,588.65,-73.99579999999999,3.785000000000011,514.6542
2021-11-22,76.75,81.005,680.5,2.1534,36.61,603.75,-74.5966,4.2549999999999955,529.1534
2021-11-23,78.45,82.76,693.75,2.2487,35.1,615.3,-76.2013,4.310000000000002,539.0987
2021-11-24,78.39,83.105,701.0,2.2278,34.79,622.61,-76.1622,4.715000000000003,546.4478
2021-11-29,69.95,74.935,631.5,2.012,63.34,561.55,-67.938,4.984999999999999,493.61199999999997
2021-11-30,66.18,70.925,605.75,1.9378,75.23,539.5699999999999,-64.24220000000001,4.74499999999999,475.3277999999999
2021-12-01,65.57,71.815,621.5,1.9354,78.18,555.9300000000001,-63.63459999999999,6.2450000000000045,492.2954000000001
2021-12-02,66.5,70.62,613.75,1.9419,57.27,547.25,-64.5581,4.1200000000000045,482.69190000000003
2021-12-03,66.26,71.93,622.5,1.9283,64.55,556.24,-64.33170000000001,5.670000000000002,491.9083
2021-12-06,69.49,72.145,626.0,2.016,56.21,556.51,-67.47399999999999,2.655000000000001,489.036
2021-12-07,72.05,75.79,655.5,2.0738,48.15,583.45,-69.97619999999999,3.740000000000009,513.4738000000001
2021-12-08,72.36,75.695,659.75,2.1109,45.22,587.39,-70.2491,3.3349999999999937,517.1409
2021-12-09,70.94,75.255,657.25,2.0694,47.43,586.31,-68.8706,4.314999999999998,517.4394
2021-12-10,71.67,74.365,654.5,2.0747,46.23,582.83,-69.59530000000001,2.694999999999993,513.2347
2021-12-13,71.29,74.275,657.0,2.0429,45.88,585.71,-69.2471,2.9849999999999994,516.4629
2021-12-14,70.73,73.37,650.25,2.0322,54.76,579.52,-68.6978,2.6400000000000006,510.82219999999995
2021-12-15,70.87,72.88,642.5,2.0588,56.53,571.63,-68.8112,2.009999999999991,502.8188
2021-12-16,72.38,74.74,660.5,2.1002,49.97,588.12,-70.2798,2.3599999999999994,517.8402
2021-12-17,70.86,72.995,649.0,2.0493,48.31,578.14,-68.8107,2.135000000000005,509.3293
2021-12-20,68.23,69.08,613.5,2.0297,60.24,545.27,-66.2003,0.8499999999999943,479.0697
2021-12-21,71.22,72.72,645.75,2.0935,52.31,574.53,-69.1265,1.5,505.4035
2021-12-22,72.86,74.13,655.25,2.1066,46.0,582.39,-70.7534,1.269999999999996,511.6366
2021-12-23,73.74,75.7,667.0,2.1482,43.71,593.26,-71.59179999999999,1.960000000000008,521.6682
2021-12-29,76.56,77.475,677.0,2.2086,40.24,600.44,-74.3514,0.914999999999992,526.0886
2021-12-30,76.99,78.325,684.5,2.2423,40.2,607.51,-74.7477,1.335000000000008,532.7623
2022-01-04,76.99,79.005,690.0,2.2308,39.48,613.01,-74.75919999999999,2.0150000000000006,538.2508
2022-01-05,77.85,80.85,706.5,2.2477,44.49,628.65,-75.6023,3.0,553.0477
2022-01-06,79.46,82.26,716.5,2.2611,36.86,637.04,-77.1989,2.8000000000000114,559.8411
2022-01-07,78.9,82.265,717.25,2.2542,37.0,638.35,-76.64580000000001,3.364999999999995,561.7042
2022-01-10,78.23,82.23,715.0,2.2309,37.65,636.77,-75.9991,4.0,560.7709
2022-01-11,81.22,84.55,729.75,2.3174,34.31,648.53,-78.90259999999999,3.3299999999999983,569.6274
2022-01-12,82.64,86.535,746.0,2.3508,34.39,663.36,-80.2892,3.894999999999996,583.0708
2022-01-13,82.12,86.195,747.5,2.3391,37.11,665.38,-79.7809,4.074999999999989,585.5991
2022-01-14,83.82,86.945,754.75,2.372,41.18,670.9300000000001,-81.448,3.125,589.4820000000001
2022-01-18,85.43,88.495,773.0,2.3843,42.28,687.5699999999999,-83.04570000000001,3.0649999999999977,604.5242999999999
2022-01-19,86.96,90.515,781.5,2.412,42.75,694.54,-84.54799999999999,3.555000000000007,609.992
2022-01-20,86.9,90.9,777.25,2.4212,41.15,690.35,-84.4788,4.0,605.8712
2022-01-21,86.33,89.705,772.0,2.3934,42.57,685.67,-83.9366,3.375,601.7334
2022-01-24,84.16,87.51,759.75,2.351,47.84,675.59,-81.809,3.3500000000000085,593.7810000000001
2022-01-25,86.55,89.465,764.75,2.4125,47.63,678.2,-84.1375,2.9150000000000063,594.0625
2022-01-27,86.61,91.285,789.0,2.46,46.9,702.39,-84.15,4.674999999999997,618.24
2022-01-28,86.82,92.87,803.5,2.48,47.74,716.6800000000001,-84.33999999999999,6.050000000000011,632.34
2022-01-31,88.15,92.485,797.0,2.5,42.35,708.85,-85.65,4.334999999999994,623.2
2022-02-01,88.2,93.255,803.5,2.5242,41.31,715.3,-85.67580000000001,5.054999999999993,629.6242
2022-02-02,88.26,92.035,806.0,2.552,41.86,717.74,-85.708,3.7749999999999915,632.032
2022-02-03,90.27,93.385,819.75,2.5877,42.15,729.48,-87.6823,3.115000000000009,641.7977000000001
2022-02-04,92.31,97.625,850.0,2.6235,43.88,757.69,-89.6865,5.314999999999998,668.0035
2022-02-07,91.32,98.225,849.25,2.6308,43.34,757.9300000000001,-88.6892,6.905000000000001,669.2408
2022-02-08,89.36,95.455,824.0,2.5676,41.26,734.64,-86.7924,6.094999999999999,647.8475999999999
2022-02-09,89.66,96.78,818.5,2.5949,39.4,728.84,-87.0651,7.1200000000000045,641.7749
2022-02-10,89.88,97.38,832.75,2.5979,43.81,742.87,-87.2821,7.5,655.5879
2022-02-11,93.1,97.945,838.5,2.6636,47.44,745.4,-90.43639999999999,4.844999999999999,654.9636
2022-02-14,95.46,99.525,849.5,2.7044,48.83,754.04,-92.75559999999999,4.065000000000012,661.2844
2022-02-15,92.07,97.675,826.75,2.5841,48.36,734.6800000000001,-89.48589999999999,5.605000000000004,645.1941
2022-02-16,93.66,100.915,847.5,2.5946,49.38,753.84,-91.0654,7.25500000000001,662.7746000000001
2022-02-17,91.76,97.115,821.0,2.5721,53.14,729.24,-89.1879,5.35499999999999,640.0521
2022-02-18,91.07,97.34,823.25,2.5946,52.01,732.1800000000001,-88.4754,6.27000000000001,643.7046
2022-02-22,92.35,100.34,847.5,2.6358,50.11,755.15,-89.71419999999999,7.990000000000009,665.4358
2022-02-23,92.65,100.47,843.75,2.6335,50.51,751.1,-90.01650000000001,7.819999999999993,661.0835
2022-02-24,93.45,106.5,906.25,2.6625,49.04,812.8,-90.78750000000001,13.049999999999997,722.0124999999999
2022-02-25,92.17,99.485,851.5,2.5701,49.5,759.33,-89.5999,7.314999999999998,669.7301
2022-02-28,95.72,103.335,894.25,2.72,52.5,798.53,-93.0,7.614999999999995,705.53
2022-03-01,103.41,112.895,968.5,2.8512,61.43,865.09,-100.55879999999999,9.485,764.5312
2022-03-02,110.6,117.26,1048.25,3.0783,61.53,937.65,-107.5217,6.660000000000011,830.1283
2022-03-03,107.67,119.795,1099.25,3.1044,64.37,991.58,-104.5656,12.125,887.0144
2022-03-04,115.68,119.97,1192.75,3.3765,77.29,1077.07,-112.30350000000001,4.289999999999992,964.7665
2022-03-07,119.4,130.005,1297.75,3.3596,78.91,1178.35,-116.0404,10.60499999999999,1062.3095999999998
2022-03-08,123.7,137.665,1518.75,3.4726,75.82,1395.05,-120.2274,13.96499999999999,1274.8226
2022-03-09,108.7,129.555,1558.5,3.1438,73.25,1449.8,-105.5562,20.855000000000004,1344.2438
2022-03-10,106.02,121.285,1006.25,3.1167,67.34,900.23,-102.9033,15.265,797.3267000000001
2022-03-11,109.33,118.885,1042.25,3.2746,68.01,932.92,-106.05539999999999,9.555000000000007,826.8646
2022-03-14,103.01,111.455,985.0,3.1389,65.42,881.99,-99.8711,8.444999999999993,782.1189
2022-03-15,96.44,107.885,930.0,2.9681,63.62,833.56,-93.47189999999999,11.445000000000007,740.0880999999999
2022-03-16,95.04,106.075,955.25,2.95,59.35,860.21,-92.09,11.034999999999997,768.12
2022-03-17,102.98,113.565,1093.25,3.1641,67.78,990.27,-99.8159,10.584999999999994,890.4540999999999
2022-03-18,104.7,113.525,1115.0,3.2038,69.09,1010.3,-101.4962,8.825000000000003,908.8037999999999
2022-03-21,112.12,120.43,1212.0,3.3266,70.78,1099.88,-108.7934,8.310000000000002,991.0866000000001
2022-03-22,111.76,120.325,1234.5,3.2682,69.56,1122.74,-108.49180000000001,8.564999999999998,1014.2482
2022-03-23,116.67,126.615,1308.0,3.3862,72.59,1191.33,-113.2838,9.944999999999993,1078.0462
2022-03-24,114.63,123.865,1310.5,3.3247,69.14,1195.87,-111.30529999999999,9.235,1084.5647
2022-03-25,115.42,124.2,1276.0,3.3688,68.91,1160.58,-112.05120000000001,8.780000000000001,1048.5287999999998
2022-03-28,105.96,117.015,1195.75,3.1337,67.04,1089.79,-102.82629999999999,11.055000000000007,986.9637
2022-03-29,104.24,112.035,1129.0,3.1117,62.46,1024.76,-101.1283,7.795000000000002,923.6317
2022-03-30,107.82,115.43,1135.25,3.2239,61.04,1027.43,-104.59609999999999,7.610000000000014,922.8339000000001
2022-03-31,100.28,110.29,1102.75,3.0859,57.66,1002.47,-97.1941,10.010000000000005,905.2759
2022-04-01,99.27,107.015,1122.25,3.0925,54.36,1022.98,-96.1775,7.7450000000000045,926.8025
2022-04-04,103.28,108.435,1145.5,3.1346,54.31,1042.22,-100.1454,5.155000000000001,942.0746
2022-04-05,101.96,107.185,1084.5,3.0949,53.8,982.54,-98.8651,5.2250000000000085,883.6749
2022-04-06,96.23,104.34,1062.75,2.9662,53.15,966.52,-93.2638,8.11,873.2562
2022-04-07,96.03,98.845,996.0,2.9523,54.23,899.97,-93.07770000000001,2.8149999999999977,806.8923
2022-04-08,98.26,99.965,1026.5,3.0416,53.14,928.24,-95.2184,1.7049999999999983,833.0216
2022-04-11,94.29,98.43,1053.0,2.9156,54.81,958.71,-91.37440000000001,4.140000000000001,867.3356
2022-04-12,100.6,104.915,1045.25,3.0726,55.25,944.65,-97.5274,4.315000000000012,847.1225999999999
2022-04-13,104.25,106.495,1066.0,3.22,51.2,961.75,-101.03,2.2450000000000045,860.72
2022-04-14,106.95,106.89,1131.5,3.2934,53.38,1024.55,-103.6566,-0.060000000000002274,920.8933999999999
2022-04-19,102.56,105.765,1118.5,3.1624,50.34,1015.94,-99.3976,3.2049999999999983,916.5424
2022-04-20,102.75,105.53,1146.25,3.2023,52.23,1043.5,-99.5477,2.780000000000001,943.9523
2022-04-21,104.51,106.325,1128.5,3.2561,49.86,1023.99,-101.2539,1.8149999999999977,922.7361
2022-04-22,103.04,105.505,1135.75,3.2225,51.15,1032.71,-99.81750000000001,2.464999999999989,932.8925
2022-04-25,99.49,97.69,1081.75,3.1506,52.86,982.26,-96.3394,-1.7999999999999972,885.9206
2022-04-26,101.7,102.195,1141.5,3.2585,53.57,1039.8,-98.4415,0.49499999999999034,941.3584999999999
2022-04-27,102.02,102.885,1174.5,3.356,53.38,1072.48,-98.664,0.8650000000000091,973.816
2022-04-28,105.36,105.705,1198.75,3.4049,51.94,1093.39,-101.9551,0.34499999999999886,991.4349000000001
2022-04-29,104.69,108.15,1226.0,3.3599,53.1,1121.31,-101.3301,3.460000000000008,1019.9798999999999
2022-05-03,102.41,106.025,1189.0,3.4187,54.04,1086.59,-98.9913,3.615000000000009,987.5986999999999
2022-05-04,107.81,108.81,1187.75,3.5773,53.15,1079.94,-104.23270000000001,1.0,975.7073
2022-05-05,108.26,112.16,1178.75,3.5862,54.72,1070.49,-104.6738,3.8999999999999915,965.8162
2022-05-06,109.77,114.23,1131.5,3.7028,54.82,1021.73,-106.0672,4.460000000000008,915.6628000000001
2022-05-09,103.09,106.785,1077.0,3.6019,57.9,973.91,-99.4881,3.694999999999993,874.4218999999999
2022-05-10,99.76,103.975,1085.0,3.493,56.06,985.24,-96.26700000000001,4.214999999999989,888.973
2022-05-11,105.71,107.645,1110.0,3.648,53.43,1004.29,-102.062,1.9350000000000023,902.228
2022-05-12,106.13,108.81,1032.5,3.7542,52.71,926.37,-102.3758,2.680000000000007,823.9942
2022-05-13,110.49,111.33,1050.75,3.8678,51.22,940.26,-106.62219999999999,0.8400000000000034,833.6378
2022-05-16,114.2,113.07,1052.25,3.9179,51.89,938.05,-110.2821,-1.1300000000000097,827.7678999999999
2022-05-17,112.4,116.25,1071.5,3.8292,50.34,959.1,-108.5708,3.8499999999999943,850.5292000000001
2022-05-18,109.59,111.275,1024.5,3.5981,51.89,914.91,-105.9919,1.6850000000000023,808.9181
2022-05-19,112.21,111.435,1018.5,3.7242,51.16,906.29,-108.4858,-0.7749999999999915,797.8041999999999
2022-05-20,113.23,113.87,1040.75,3.717,50.72,927.52,-109.513,0.6400000000000006,818.007
2022-05-23,113.02,115.46,1066.0,3.6777,48.63,952.98,-109.3423,2.4399999999999977,843.6377
2022-05-24,112.18,115.59,1091.25,3.6397,47.04,979.0699999999999,-108.5403,3.4099999999999966,870.5296999999999
2022-05-25,112.61,115.585,1115.0,3.6753,46.76,1002.39,-108.93469999999999,2.9749999999999943,893.4553
2022-05-26,114.09,118.83,1169.25,3.7474,46.03,1055.16,-110.3426,4.739999999999995,944.8174000000001
2022-05-27,115.07,119.44,1176.75,3.8719,47.92,1061.68,-111.1981,4.3700000000000045,950.4819000000001
2022-05-31,114.67,124.17,1236.5,3.8837,49.82,1121.83,-110.7863,9.5,1011.0437
2022-06-01,115.26,122.835,1313.0,4.0716,49.14,1197.74,-111.1884,7.574999999999989,1086.5516
2022-06-06,118.5,124.475,1394.25,4.228,47.9,1275.75,-114.272,5.974999999999994,1161.478
2022-06-07,119.41,126.045,1380.5,4.1952,45.88,1261.09,-115.2148,6.635000000000005,1145.8752
2022-06-08,122.11,128.215,1388.25,4.2519,44.37,1266.14,-117.8581,6.105000000000004,1148.2819000000002
2022-06-09,121.51,129.145,1445.25,4.3062,43.87,1323.74,-117.2038,7.635000000000005,1206.5362
2022-06-10,120.67,127.405,1376.25,4.2022,42.92,1255.58,-116.4678,6.734999999999999,1139.1122
2022-06-13,120.93,127.985,1355.0,4.0678,47.56,1234.07,-116.8622,7.054999999999993,1117.2078
2022-06-14,118.93,132.07,1392.5,4.0263,46.63,1273.57,-114.9037,13.139999999999986,1158.6662999999999
2022-06-15,115.31,128.18,1426.5,3.9142,47.04,1311.19,-111.39580000000001,12.870000000000005,1199.7942
2022-06-16,117.59,124.275,1401.75,3.9654,46.27,1284.16,-113.6246,6.685000000000002,1170.5354
2022-06-17,109.56,120.795,1394.75,3.798,49.19,1285.19,-105.762,11.235,1179.428
2022-06-21,110.65,120.55,1415.0,3.782,46.56,1304.35,-106.86800000000001,9.899999999999991,1197.482
2022-06-22,107.73,116.59,1379.5,3.8341,48.99,1271.77,-103.8959,8.86,1167.8741
2022-06-23,106.07,117.34,1387.75,3.736,48.58,1281.68,-102.33399999999999,11.27000000000001,1179.346
2022-06-24,109.58,119.965,1402.5,3.8317,46.99,1292.92,-105.7483,10.385000000000005,1187.1717
2022-06-27,109.57,120.655,1363.5,3.7549,46.99,1253.93,-105.81509999999999,11.085000000000008,1148.1149
2022-06-28,111.76,122.875,1316.75,3.8642,46.59,1204.99,-107.89580000000001,11.114999999999995,1097.0942
2022-06-29,109.78,124.61,1308.25,3.7733,48.57,1198.47,-106.0067,14.829999999999998,1092.4633000000001
2022-06-30,105.76,120.475,1251.25,3.5763,48.9,1145.49,-102.1837,14.71499999999999,1043.3063
2022-07-01,108.43,121.52,1315.75,3.7103,49.4,1207.32,-104.7197,13.08999999999999,1102.6002999999998
2022-07-05,99.5,113.44,1224.75,3.349,52.61,1125.25,-96.151,13.939999999999998,1029.099
2022-07-06,98.53,109.995,1159.0,3.2566,54.67,1060.47,-95.2734,11.465000000000003,965.1966
2022-07-07,102.73,114.665,1203.0,3.4104,52.87,1100.27,-99.31960000000001,11.935000000000002,1000.9504
2022-07-08,104.79,115.855,1195.5,3.4271,52.1,1090.71,-101.36290000000001,11.064999999999998,989.3471000000001
2022-07-11,104.09,114.59,1251.5,3.4147,53.1,1147.41,-100.67530000000001,10.5,1046.7347
2022-07-12,95.84,108.825,1148.75,3.1996,54.4,1052.91,-92.6404,12.985,960.2696000000001
2022-07-13,96.3,108.575,1168.0,3.1625,51.76,1071.7,-93.1375,12.275000000000006,978.5625
2022-07-14,95.78,105.985,1145.5,3.0493,53.03,1049.72,-92.7307,10.204999999999998,956.9893000000001
2022-07-15,97.59,111.165,1187.5,3.0732,51.77,1089.91,-94.5168,13.575000000000003,995.3932000000001
2022-07-18,102.6,115.005,1181.25,3.1193,49.66,1078.65,-99.4807,12.405000000000001,979.1693000000001
2022-07-19,104.22,113.365,1132.0,3.1625,48.77,1027.78,-101.0575,9.144999999999996,926.7225
2022-07-20,102.26,113.54,1136.0,3.1454,47.54,1033.74,-99.11460000000001,11.280000000000001,934.6254
2022-07-21,99.4,110.93,1091.25,2.9895,51.1,991.85,-96.4105,11.530000000000001,895.4395000000001
2022-07-22,97.83,109.975,1124.0,3.0153,47.84,1026.17,-94.8147,12.144999999999996,931.3553
2022-07-25,99.6,108.615,1108.25,3.0945,47.96,1008.65,-96.5055,9.015,912.1445
2022-07-26,94.98,109.395,1124.5,3.0218,47.81,1029.52,-91.9582,14.414999999999992,937.5618
2022-07-27,97.26,110.525,1145.25,3.0861,48.99,1047.99,-94.1739,13.265,953.8161
2022-07-28,96.42,111.8,1143.75,2.9018,47.17,1047.33,-93.51820000000001,15.379999999999995,953.8118
2022-07-29,98.62,114.13,1142.0,2.9232,46.19,1043.38,-95.69680000000001,15.509999999999991,947.6832
2022-08-01,93.89,106.82,1051.5,2.8031,49.97,957.61,-91.0869,12.929999999999993,866.5231
2022-08-02,94.42,106.205,1038.0,2.8792,52.77,943.58,-91.5408,11.784999999999997,852.0392
2022-08-03,90.66,103.365,1057.5,2.7597,50.12,966.84,-87.9003,12.704999999999998,878.9397
2022-08-04,88.54,98.18,1030.25,2.631,55.14,941.71,-85.909,9.64,855.801
2022-08-05,89.01,101.175,1007.75,2.6544,48.76,918.74,-86.35560000000001,12.164999999999992,832.3844
2022-08-08,90.76,103.535,971.25,2.6787,46.4,880.49,-88.0813,12.774999999999991,792.4087
2022-08-09,90.5,103.88,1012.25,2.7627,46.23,921.75,-87.7373,13.379999999999995,834.0127
2022-08-10,91.93,100.33,1010.25,2.8403,46.56,918.3199999999999,-89.08970000000001,8.399999999999991,829.2302999999999
2022-08-11,94.34,104.59,1039.5,2.7965,45.37,945.16,-91.54350000000001,10.25,853.6165
2022-08-12,92.09,102.995,1062.0,2.7635,44.0,969.91,-89.32650000000001,10.905000000000001,880.5835
2022-08-15,89.41,97.495,1037.0,2.7567,46.63,947.59,-86.6533,8.085000000000008,860.9367
2022-08-16,86.53,96.195,1039.25,2.7107,50.25,952.72,-83.8193,9.664999999999992,868.9007
2022-08-17,88.11,93.29,1061.75,2.7445,51.55,973.64,-85.3655,5.180000000000007,888.2745
2022-08-18,90.5,96.28,1094.0,2.8236,47.41,1003.5,-87.6764,5.780000000000001,915.8235999999999
2022-08-19,90.77,97.025,1109.0,2.67,50.34,1018.23,-88.1,6.25500000000001,930.13
2022-08-22,90.23,93.775,1121.5,2.5562,50.64,1031.27,-87.6738,3.5450000000000017,943.5962
2022-08-23,94.34,98.345,1140.5,2.6205,47.35,1046.16,-91.71950000000001,4.0049999999999955,954.4405
2022-08-24,95.65,98.74,1187.25,2.5495,48.33,1091.6,-93.10050000000001,3.089999999999989,998.4994999999999
2022-08-25,93.04,99.965,1197.5,2.5549,48.78,1104.46,-90.4851,6.924999999999997,1013.9749
2022-08-26,93.06,98.64,1213.75,2.5599,47.08,1120.69,-90.5001,5.579999999999998,1030.1899
2022-08-30,91.64,99.665,1147.75,2.4378,49.74,1056.11,-89.2022,8.025000000000006,966.9078
2022-08-31,89.55,96.68,1124.5,2.3383,52.11,1034.95,-87.2117,7.13000000000001,947.7383000000001
2022-09-01,86.61,92.54,1078.5,2.3241,53.9,991.89,-84.2859,5.930000000000007,907.6041
2022-09-02,86.87,94.06,1121.75,2.4211,53.9,1034.88,-84.44890000000001,7.189999999999998,950.4311000000001
2022-09-06,86.88,92.11,1112.75,2.3922,50.0,1025.87,-84.4878,5.230000000000004,941.3821999999999
2022-09-07,81.94,88.14,1130.75,2.2527,53.32,1048.81,-79.6873,6.200000000000003,969.1226999999999
2022-09-08,83.54,87.705,1108.25,2.2911,51.29,1024.71,-81.2489,4.164999999999992,943.4611
2022-09-09,86.79,90.555,1098.75,2.3706,48.84,1011.96,-84.41940000000001,3.7650000000000006,927.5406
2022-09-12,87.78,93.065,1123.75,2.4023,44.15,1035.97,-85.3777,5.284999999999997,950.5923
2022-09-13,87.31,91.375,1086.25,2.4204,44.81,998.94,-84.8896,4.064999999999998,914.0504000000001
2022-09-14,88.48,93.06,1021.75,2.477,45.62,933.27,-86.003,4.579999999999998,847.2669999999999
2022-09-15,85.1,89.42,951.75,2.3887,46.63,866.65,-82.7113,4.320000000000007,783.9386999999999
2022-09-16,85.11,91.15,987.75,2.3882,47.44,902.64,-82.7218,6.040000000000006,819.9182
2022-09-20,84.45,89.225,1010.25,2.4278,48.23,925.8,-82.0222,4.7749999999999915,843.7778
2022-09-21,83.44,88.1,1001.5,2.449,48.65,918.06,-80.991,4.659999999999997,837.069
2022-09-22,83.83,89.395,1031.75,2.3966,47.1,947.92,-81.43339999999999,5.564999999999998,866.4866
2022-09-23,79.19,85.295,989.75,2.3306,50.82,910.56,-76.8594,6.105000000000004,833.7005999999999
2022-09-26,76.71,84.585,954.5,2.3438,56.68,877.79,-74.36619999999999,7.875,803.4238
2022-09-27,78.5,86.58,991.25,2.4427,55.89,912.75,-76.0573,8.079999999999998,836.6927000000001
2022-09-28,82.15,88.545,1028.0,2.5092,55.02,945.85,-79.64080000000001,6.394999999999996,866.2092
2022-09-29,81.23,89.97,1031.25,2.4177,54.41,950.02,-78.81230000000001,8.739999999999995,871.2076999999999
2022-09-30,79.49,87.625,1011.75,2.3748,55.69,932.26,-77.1152,8.135000000000005,855.1448
2022-10-03,83.63,90.0,1043.0,2.6104,56.24,959.37,-81.0196,6.3700000000000045,878.3504
2022-10-04,86.52,93.64,1115.5,2.7555,59.51,1028.98,-83.7645,7.1200000000000045,945.2155
2022-10-05,87.76,95.26,1194.0,2.7135,54.2,1106.24,-85.04650000000001,7.5,1021.1935
2022-10-06,88.45,95.805,1200.5,2.7314,53.39,1112.05,-85.71860000000001,7.355000000000004,1026.3314
2022-10-07,92.64,98.64,1283.25,2.7546,53.64,1190.61,-89.8854,6.0,1100.7246
2022-10-10,91.13,98.555,1302.25,2.6028,51.42,1211.12,-88.5272,7.425000000000011,1122.5928
2022-10-11,89.35,95.31,1217.5,2.5948,51.92,1128.15,-86.75519999999999,5.960000000000008,1041.3948
2022-10-12,87.27,93.15,1198.25,2.5903,51.52,1110.98,-84.6797,5.88000000000001,1026.3003
2022-10-13,89.11,94.1,1229.25,2.6359,50.52,1140.14,-86.47409999999999,4.989999999999995,1053.6659000000002
2022-10-14,85.61,92.925,1216.5,2.5579,50.3,1130.89,-83.0521,7.314999999999998,1047.8379
2022-10-17,85.46,91.41,1239.75,2.5381,50.27,1154.29,-82.9219,5.950000000000003,1071.3681
2022-10-18,82.82,88.06,1232.0,2.4231,49.12,1149.18,-80.39689999999999,5.240000000000009,1068.7831
2022-10-19,85.55,89.91,1206.0,2.5347,47.78,1120.45,-83.0153,4.359999999999999,1037.4347
2022-10-20,85.98,92.66,1216.0,2.4978,47.98,1130.02,-83.4822,6.679999999999993,1046.5378
2022-10-21,86.68,91.35,1197.0,2.502,47.19,1110.32,-84.17800000000001,4.6699999999999875,1026.1419999999998
2022-10-24,86.23,91.505,1235.5,2.5602,47.78,1149.27,-83.66980000000001,5.2749999999999915,1065.6001999999999
2022-10-25,86.89,91.655,1216.75,2.5517,47.3,1129.86,-84.3383,4.765000000000001,1045.5216999999998
2022-10-26,87.91,93.985,1249.75,2.6201,48.58,1161.84,-85.2899,6.075000000000003,1076.5501
2022-10-27,89.08,95.25,1260.25,2.6065,49.02,1171.17,-86.4735,6.170000000000002,1084.6965
2022-10-28,87.9,94.04,1285.75,2.4754,47.81,1197.85,-85.42460000000001,6.140000000000001,1112.4253999999999
2022-10-31,86.53,92.77,1249.25,2.4257,47.41,1162.72,-84.1043,6.239999999999995,1078.6157
2022-11-01,88.37,94.92,1187.5,2.497,47.04,1099.13,-85.873,6.549999999999997,1013.2570000000001
2022-11-02,90.0,97.045,1191.5,2.5642,47.75,1101.5,-87.4358,7.045000000000002,1014.0642
2022-11-03,88.17,95.84,1210.0,2.5414,46.47,1121.83,-85.6286,7.670000000000002,1036.2014
2022-11-04,92.61,98.765,1210.75,2.5833,47.5,1118.14,-90.0267,6.155000000000001,1028.1133
2022-11-07,91.79,101.88,1193.25,2.4581,45.11,1101.46,-89.3319,10.08999999999999,1012.1281
2022-11-08,88.91,99.055,1165.75,2.4677,45.04,1076.84,-86.4423,10.14500000000001,990.3976999999999
2022-11-09,85.83,94.955,1114.25,2.3556,45.38,1028.42,-83.4744,9.125,944.9456
2022-11-10,86.47,94.505,1074.25,2.3638,43.48,987.78,-84.1062,8.034999999999997,903.6738
2022-11-11,88.96,96.91,1061.5,2.4096,42.06,972.54,-86.5504,7.950000000000003,885.9896
2022-11-14,85.87,95.6,1050.5,2.321,44.42,964.63,-83.549,9.72999999999999,881.081
2022-11-15,86.92,93.995,1041.25,2.3061,46.72,954.33,-84.6139,7.075000000000003,869.7161000000001
2022-11-16,85.59,92.615,1042.0,2.2755,45.12,956.41,-83.31450000000001,7.0249999999999915,873.0954999999999
2022-11-17,81.64,91.25,1007.0,2.1772,45.34,925.36,-79.4628,9.61,845.8972
2022-11-18,80.08,88.11,1000.5,2.1258,45.93,920.42,-77.9542,8.030000000000001,842.4658
2022-11-21,79.73,83.16,969.25,2.1251,47.11,889.52,-77.6049,3.4299999999999926,811.9150999999999
2022-11-22,80.9,89.165,988.25,2.2213,46.3,907.35,-78.6787,8.265,828.6713
2022-11-23,77.86,85.235,973.5,2.1705,51.56,895.64,-75.6895,7.375,819.9505
2022-11-28,77.24,82.62,939.75,2.0873,50.53,862.51,-75.1527,5.38000000000001,787.3573
2022-11-29,78.2,83.565,932.75,2.1328,47.91,854.55,-76.0672,5.364999999999995,778.4828
2022-11-30,80.55,86.595,969.25,2.1847,46.15,888.7,-78.36529999999999,6.045000000000002,810.3347000000001
2022-12-01,81.22,89.17,994.25,2.122,45.61,913.03,-79.098,7.950000000000003,833.932
2022-12-02,79.98,87.05,952.75,2.0604,45.76,872.77,-77.9196,7.069999999999993,794.8504
2022-12-05,76.93,85.59,928.0,2.0119,45.41,851.0699999999999,-74.91810000000001,8.659999999999997,776.1519
2022-12-06,74.25,80.68,853.75,1.9866,46.36,779.5,-72.2634,6.430000000000007,707.2366
2022-12-07,72.01,79.205,838.0,1.9497,47.91,765.99,-70.06030000000001,7.194999999999993,695.9297
2022-12-08,71.46,76.48,834.5,1.9016,47.17,763.04,-69.55839999999999,5.02000000000001,693.4816
2022-12-09,71.02,77.54,850.5,1.8936,46.93,779.48,-69.12639999999999,6.52000000000001,710.3536
2022-12-12,73.17,78.67,874.25,1.931,44.99,801.08,-71.239,5.5,729.841
2022-12-13,75.39,80.84,918.5,2.0159,43.37,843.11,-73.3741,5.450000000000003,769.7359
2022-12-14,77.28,83.515,959.5,2.0594,41.82,882.22,-75.2206,6.234999999999999,806.9994
2022-12-15,76.11,81.735,962.25,1.9618,43.7,886.14,-74.1482,5.625,811.9918
2022-12-16,74.29,79.035,924.5,1.9298,42.29,850.21,-72.3602,4.74499999999999,777.8498000000001
2022-12-19,75.19,79.73,916.5,2.0126,42.47,841.31,-73.17739999999999,4.540000000000006,768.1325999999999
2022-12-20,76.09,78.845,903.25,2.0978,41.79,827.16,-73.9922,2.7549999999999955,753.1677999999999
2022-12-21,78.14,80.205,925.75,2.1108,41.18,847.61,-76.0292,2.0649999999999977,771.5808
2022-12-22,77.35,80.75,929.25,2.1038,41.8,851.9,-75.24619999999999,3.4000000000000057,776.6538
2022-12-23,79.47,80.915,944.25,2.289,41.21,864.78,-77.181,1.4450000000000074,787.5989999999999
2022-12-28,78.96,81.09,954.25,2.2971,43.95,875.29,-76.6629,2.1300000000000097,798.6270999999999
2022-12-29,78.4,80.79,954.75,2.2987,42.6,876.35,-76.10130000000001,2.3900000000000006,800.2487
2022-12-30,80.26,81.345,959.25,2.4408,41.26,878.99,-77.81920000000001,1.0849999999999937,801.1708
2023-01-03,76.93,81.145,934.5,2.3262,44.14,857.5699999999999,-74.6038,4.214999999999989,782.9662
2023-01-04,72.84,75.56,878.75,2.2082,45.83,805.91,-70.6318,2.719999999999999,735.2782
2023-01-05,73.67,76.92,896.75,2.2021,43.93,823.08,-71.4679,3.25,751.6121
2023-01-06,73.77,77.43,913.75,2.2096,42.94,839.98,-71.5604,3.660000000000011,768.4196000000001
2023-01-09,74.63,77.36,919.25,2.2429,42.75,844.62,-72.38709999999999,2.730000000000004,772.2329
2023-01-10,75.12,78.015,921.75,2.2707,41.6,846.63,-72.8493,2.894999999999996,773.7807
2023-01-11,77.41,80.57,928.0,2.3895,41.19,850.59,-75.0205,3.1599999999999966,775.5695000000001
2023-01-12,78.39,82.985,953.25,2.4378,39.28,874.86,-75.9522,4.594999999999999,798.9078
2023-01-13,79.86,83.33,969.5,2.4978,38.19,889.64,-77.3622,3.469999999999999,812.2778
2023-01-17,80.18,84.355,952.0,2.5051,40.1,871.8199999999999,-77.67490000000001,4.174999999999997,794.1451
2023-01-18,79.48,85.925,977.75,2.4935,39.25,898.27,-76.9865,6.444999999999993,821.2835
2023-01-19,80.33,84.505,961.0,2.5768,39.02,880.67,-77.75319999999999,4.174999999999997,802.9168
2023-01-20,81.31,85.865,1003.25,2.6179,37.81,921.94,-78.6921,4.554999999999993,843.2479000000001
2023-01-23,81.26,88.185,1031.0,2.661,37.3,949.74,-78.599,6.924999999999997,871.141
2023-01-24,79.78,86.035,1003.25,2.6131,38.26,923.47,-77.1669,6.2549999999999955,846.3031000000001
2023-01-25,79.8,85.89,970.0,2.5647,38.54,890.2,-77.2353,6.090000000000003,812.9647
2023-01-26,81.01,86.905,977.0,2.5565,38.12,895.99,-78.4535,5.894999999999996,817.5365
2023-01-27,79.68,86.085,951.75,2.5309,38.6,872.0699999999999,-77.1491,6.404999999999987,794.9209
2023-01-30,77.9,84.595,922.5,2.4408,40.18,844.6,-75.45920000000001,6.694999999999993,769.1408
2023-01-31,78.87,84.435,928.75,2.5128,38.55,849.88,-76.3572,5.564999999999998,773.5228
2023-02-01,76.41,82.95,888.5,2.3998,37.99,812.09,-74.0102,6.540000000000006,738.0798
2023-02-02,75.88,80.665,855.5,2.4003,38.49,779.62,-73.4797,4.785000000000011,706.1403
2023-02-03,73.39,80.615,828.5,2.27,39.48,755.11,-71.12,7.224999999999994,683.99
2023-02-06,74.11,79.58,789.5,2.3409,38.92,715.39,-71.7691,5.469999999999999,643.6209
2023-02-07,77.14,82.24,839.75,2.4218,37.31,762.61,-74.7182,5.099999999999994,687.8918
2023-02-08,78.47,83.225,842.5,2.4203,37.02,764.03,-76.0497,4.7549999999999955,687.9802999999999
2023-02-09,78.06,83.28,825.0,2.4025,35.75,746.94,-75.6575,5.219999999999999,671.2825
2023-02-10,79.72,85.66,844.75,2.4612,35.89,765.03,-77.2588,5.939999999999998,687.7712
2023-02-13,80.14,85.48,855.25,2.4796,37.77,775.11,-77.6604,5.340000000000003,697.4496
2023-02-14,79.06,84.575,863.0,2.4285,36.67,783.94,-76.6315,5.515000000000001,707.3085000000001
2023-02-15,78.59,83.535,842.0,2.4278,35.7,763.41,-76.1622,4.944999999999993,687.2478
2023-02-16,78.49,84.195,832.5,2.363,35.03,754.01,-76.127,5.704999999999998,677.883
2023-02-17,76.34,82.7,808.75,2.3342,36.04,732.41,-74.00580000000001,6.359999999999999,658.4042
2023-02-21,76.16,81.905,817.0,2.3331,37.05,740.84,-73.8269,5.7450000000000045,667.0131
2023-02-22,73.78,80.35,810.5,2.2551,38.36,736.72,-71.5249,6.569999999999993,665.1951
2023-02-23,75.25,80.905,795.25,2.2898,36.69,720.0,-72.9602,5.655000000000001,647.0398
2023-02-24,76.32,81.82,819.25,2.2919,37.25,742.9300000000001,-74.0281,5.5,668.9019000000001
2023-02-27,75.68,81.44,838.0,2.2915,37.55,762.3199999999999,-73.38850000000001,5.759999999999991,688.9314999999999
2023-02-28,77.05,83.15,845.5,2.347,35.42,768.45,-74.703,6.1000000000000085,693.7470000000001
2023-03-01,77.69,83.455,852.25,2.3863,36.63,774.56,-75.30369999999999,5.765000000000001,699.2563
2023-03-02,78.16,85.05,864.5,2.4078,35.61,786.34,-75.7522,6.890000000000001,710.5878
2023-03-03,79.68,85.115,870.5,2.4404,35.2,790.8199999999999,-77.23960000000001,5.434999999999988,713.5803999999999
2023-03-06,80.46,85.78,854.25,2.5565,33.03,773.79,-77.9035,5.320000000000007,695.8865
2023-03-07,77.58,83.9,837.0,2.4782,33.76,759.42,-75.1018,6.320000000000007,684.3181999999999
2023-03-08,76.66,82.37,821.5,2.4914,33.39,744.84,-74.1686,5.710000000000008,670.6714000000001
2023-03-09,75.72,83.085,816.0,2.3976,34.86,740.28,-73.3224,7.364999999999995,666.9576
2023-03-10,76.68,82.235,830.0,2.4533,36.76,753.3199999999999,-74.22670000000001,5.554999999999993,679.0932999999999
2023-03-13,74.8,81.02,824.25,2.3889,38.13,749.45,-72.41109999999999,6.219999999999999,677.0389
2023-03-14,71.33,78.72,823.5,2.5355,47.41,752.17,-68.7945,7.390000000000001,683.3755
2023-03-15,67.61,71.69,756.25,2.4234,49.78,688.64,-65.1866,4.079999999999998,623.4534
2023-03-16,68.35,73.0,772.75,2.511,48.65,704.4,-65.839,4.650000000000006,638.5609999999999
2023-03-17,66.74,72.07,801.75,2.4975,51.48,735.01,-64.24249999999999,5.329999999999998,670.7675
2023-03-20,67.64,71.49,800.5,2.541,51.14,732.86,-65.099,3.8499999999999943,667.761
2023-03-21,69.33,73.64,796.0,2.517,48.12,726.67,-66.813,4.310000000000002,659.857
2023-03-22,70.81,75.135,810.75,2.5532,46.97,739.94,-68.2568,4.325000000000003,671.6832
2023-03-23,69.97,75.61,808.0,2.5546,46.9,738.03,-67.4154,5.640000000000001,670.6146
2023-03-24,69.35,73.25,791.75,2.5643,48.36,722.4,-66.78569999999999,3.9000000000000057,655.6143
2023-03-27,72.81,75.305,792.25,2.6651,45.41,719.44,-70.1449,2.4950000000000045,649.2951
2023-03-28,73.2,77.895,807.75,2.6705,44.31,734.55,-70.5295,4.694999999999993,664.0205
2023-03-29,72.97,78.065,786.5,2.6198,43.33,713.53,-70.3502,5.094999999999999,643.1798
2023-03-30,74.37,78.0,780.0,2.6003,42.02,705.63,-71.7697,3.6299999999999955,633.8603
2023-03-31,75.67,79.045,784.5,2.651,40.34,708.83,-73.019,3.375,635.811
2023-04-03,80.42,85.36,806.75,2.7275,39.49,726.33,-77.6925,4.939999999999998,648.6375
2023-04-04,80.71,85.31,790.75,2.7071,39.42,710.04,-78.0029,4.6000000000000085,632.0371
2023-04-05,80.61,85.55,808.25,2.7776,39.14,727.64,-77.83239999999999,4.939999999999998,649.8076
2023-04-06,80.7,86.15,815.25,2.7758,34.76,734.55,-77.9242,5.450000000000003,656.6257999999999
2023-04-11,81.53,86.08,789.5,2.8377,34.23,707.97,-78.6923,4.549999999999997,629.2777
2023-04-12,83.26,88.18,803.0,2.8027,33.74,719.74,-80.4573,4.920000000000002,639.2827
2023-04-13,82.16,87.875,804.0,2.7767,32.78,721.84,-79.38329999999999,5.715000000000003,642.4567000000001
2023-04-14,82.52,87.725,794.5,2.7984,32.51,711.98,-79.7216,5.204999999999998,632.2584
2023-04-17,80.83,86.48,778.25,2.7265,32.93,697.42,-78.1035,5.650000000000006,619.3164999999999
2023-04-18,80.86,86.575,778.25,2.6884,33.69,697.39,-78.1716,5.715000000000003,619.2184
2023-04-19,79.16,85.5,763.25,2.5705,34.44,684.09,-76.5895,6.340000000000003,607.5005
2023-04-20,77.29,83.11,732.0,2.4939,36.41,654.71,-74.79610000000001,5.819999999999993,579.9139
2023-04-21,77.81,83.365,740.0,2.5116,35.17,662.19,-75.2984,5.554999999999993,586.8916
2023-04-24,78.76,84.255,749.0,2.526,34.28,670.24,-76.23400000000001,5.49499999999999,594.006
2023-04-25,77.11,82.465,731.25,2.4683,36.64,654.14,-74.6417,5.355000000000004,579.4983
2023-04-26,74.3,82.21,717.0,2.4375,39.25,642.7,-71.8625,7.909999999999997,570.8375000000001
2023-04-27,74.76,80.025,697.5,2.394,37.76,622.74,-72.366,5.265000000000001,550.374
2023-04-28,76.78,82.145,705.75,2.4463,35.63,628.97,-74.33370000000001,5.364999999999995,554.6363
2023-05-02,71.66,77.18,673.0,2.3407,39.48,601.34,-69.3193,5.52000000000001,532.0207
2023-05-03,68.6,72.635,649.25,2.2346,43.23,580.65,-66.3654,4.035000000000011,514.2846
2023-05-04,68.56,73.185,659.25,2.2684,43.75,590.69,-66.2916,4.625,524.3984
2023-05-05,71.34,75.76,683.75,2.3265,37.35,612.41,-69.01350000000001,4.420000000000002,543.3965
2023-05-09,73.71,75.68,685.0,2.4259,35.13,611.29,-71.2841,1.970000000000013,540.0059
2023-05-10,72.56,77.34,705.75,2.4525,34.13,633.19,-70.1075,4.780000000000001,563.0825000000001
2023-05-11,70.87,76.195,695.0,2.3852,35.74,624.13,-68.4848,5.324999999999989,555.6451999999999
2023-05-12,70.04,75.255,680.0,2.3552,37.32,609.96,-67.68480000000001,5.214999999999989,542.2752
2023-05-15,71.11,75.46,691.0,2.412,35.16,619.89,-68.698,4.349999999999994,551.192
2023-05-16,70.86,75.335,693.75,2.4041,35.98,622.89,-68.4559,4.474999999999994,554.4341
2023-05-17,72.83,76.325,708.5,2.4942,36.44,635.67,-70.33579999999999,3.4950000000000045,565.3342
2023-05-18,71.86,75.955,706.75,2.4783,36.02,634.89,-69.3817,4.094999999999999,565.5083
2023-05-19,71.55,75.95,702.0,2.4561,35.85,630.45,-69.09389999999999,4.400000000000006,561.3561000000001
2023-05-22,71.99,75.93,695.75,2.4864,35.52,623.76,-69.50359999999999,3.940000000000012,554.2564
2023-05-23,72.76,76.955,701.0,2.5125,35.11,628.24,-70.2475,4.194999999999993,557.9925000000001
2023-05-24,74.19,77.635,710.0,2.56,35.86,635.81,-71.63,3.4450000000000074,564.18
2023-05-25,71.53,75.625,690.75,2.4976,36.74,619.22,-69.0324,4.094999999999999,550.1876
2023-05-26,72.67,76.285,703.25,2.5538,35.95,630.58,-70.1162,3.614999999999995,560.4638
2023-05-30,69.46,73.995,684.75,2.4367,39.68,615.29,-67.02329999999999,4.535000000000011,548.2667
2023-05-31,68.09,72.845,675.25,2.3888,40.68,607.16,-65.7012,4.7549999999999955,541.4588
2023-06-01,70.1,74.46,694.75,2.3912,40.5,624.65,-67.7088,4.359999999999999,556.9412
2023-06-02,71.74,75.775,708.25,2.4657,39.6,636.51,-69.2743,4.035000000000011,567.2357
2023-06-05,72.15,77.195,720.25,2.5119,37.45,648.1,-69.63810000000001,5.0449999999999875,578.4619
2023-06-06,71.74,76.22,713.0,2.5298,36.07,641.26,-69.2102,4.480000000000004,572.0498
2023-06-07,72.53,76.585,720.25,2.5987,34.13,647.72,-69.93130000000001,4.054999999999993,577.7887000000001
2023-06-08,71.29,75.675,725.25,2.5677,35.18,653.96,-68.7223,4.384999999999991,585.2377
2023-06-09,70.17,75.675,716.75,2.5757,33.7,646.58,-67.5943,5.5049999999999955,578.9857000000001
2023-06-12,67.12,72.465,690.0,2.4526,36.35,622.88,-64.6674,5.344999999999999,558.2126
2023-06-13,69.42,74.015,713.5,2.4904,32.38,644.08,-66.92960000000001,4.594999999999999,577.1504
2023-06-14,68.27,73.925,711.5,2.5071,33.66,643.23,-65.7629,5.655000000000001,577.4671000000001
2023-06-15,70.62,74.54,734.75,2.6117,33.07,664.13,-68.0083,3.9200000000000017,596.1217
2023-06-16,71.78,75.45,777.0,2.6455,32.99,705.22,-69.1345,3.6700000000000017,636.0855
2023-06-20,70.5,74.47,750.25,2.5617,34.75,679.75,-67.9383,3.969999999999999,611.8117
2023-06-21,72.28,76.425,768.0,2.5231,33.26,695.72,-69.7569,4.144999999999996,625.9631
2023-06-22,69.23,73.805,744.75,2.449,34.93,675.52,-66.781,4.575000000000003,608.739
2023-06-23,68.89,73.175,731.75,2.3941,35.36,662.86,-66.4959,4.284999999999997,596.3641
2023-06-26,69.37,73.49,736.5,2.4123,36.67,667.13,-66.9577,4.11999999999999,600.1723
2023-06-27,67.7,72.755,738.0,2.3846,39.3,670.3,-65.3154,5.054999999999993,604.9846
2023-06-28,69.56,73.26,724.0,2.4546,36.86,654.44,-67.1054,3.700000000000003,587.3346
2023-06-29,69.86,73.075,715.75,2.4969,35.42,645.89,-67.3631,3.2150000000000034,578.5269
2023-06-30,70.64,74.97,728.25,2.4924,33.28,657.61,-68.1476,4.329999999999998,589.4624
2023-07-05,71.79,76.67,761.25,2.4708,33.91,689.46,-69.31920000000001,4.8799999999999955,620.1408
2023-07-06,71.8,75.465,736.75,2.4913,35.13,664.95,-69.3087,3.6650000000000063,595.6413
2023-07-07,73.86,77.905,754.5,2.5293,34.55,680.64,-71.3307,4.045000000000002,609.3093
2023-07-10,72.99,78.735,762.75,2.4996,38.35,689.76,-70.4904,5.7450000000000045,619.2696
2023-07-11,74.83,79.445,770.0,2.5602,32.43,695.17,-72.2698,4.614999999999995,622.9001999999999
2023-07-12,75.75,80.315,771.25,2.5895,32.69,695.5,-73.1605,4.564999999999998,622.3395
2023-07-13,76.89,80.425,773.5,2.5861,30.04,696.61,-74.3039,3.5349999999999966,622.3061
2023-07-14,75.42,79.895,775.0,2.5512,30.0,699.58,-72.86880000000001,4.474999999999994,626.7112000000001
2023-07-17,74.15,78.7,767.5,2.5467,31.34,693.35,-71.6033,4.549999999999997,621.7467
2023-07-18,75.75,79.335,770.75,2.6094,30.66,695.0,-73.1406,3.5849999999999937,621.8594
2023-07-19,75.35,80.145,790.75,2.648,31.06,715.4,-72.702,4.795000000000002,642.698
2023-07-20,75.63,79.05,783.0,2.7007,30.15,707.37,-72.9293,3.4200000000000017,634.4407
2023-07-21,77.17,80.27,811.75,2.7392,29.65,734.58,-74.4308,3.0999999999999943,660.1492000000001
2023-07-24,78.84,82.595,840.25,2.8491,30.11,761.41,-75.99090000000001,3.7549999999999955,685.4191
2023-07-25,79.93,82.985,822.5,2.8288,30.63,742.5699999999999,-77.1012,3.0549999999999926,665.4687999999999
2023-07-26,78.78,83.76,849.75,2.8802,29.97,770.97,-75.8998,4.980000000000004,695.0702
2023-07-27,80.09,83.865,872.75,2.944,29.12,792.66,-77.146,3.7749999999999915,715.514
2023-07-28,80.58,84.105,892.75,2.9326,29.41,812.17,-77.6474,3.5250000000000057,734.5226
2023-07-31,81.8,85.64,895.75,2.943,28.48,813.95,-78.857,3.8400000000000034,735.0930000000001
2023-08-01,81.37,85.35,929.75,2.898,28.35,848.38,-78.47200000000001,3.9799999999999898,769.908
2023-08-02,79.49,84.07,898.5,2.7883,28.74,819.01,-76.70169999999999,4.579999999999998,742.3083
2023-08-03,81.55,85.69,913.75,2.7622,28.54,832.2,-78.7878,4.140000000000001,753.4122
2023-08-04,82.82,86.805,916.0,2.7906,28.06,833.1800000000001,-80.0294,3.9850000000000136,753.1506
2023-08-07,81.94,86.14,901.25,2.8269,27.73,819.31,-79.1131,4.200000000000003,740.1968999999999
2023-08-08,82.92,86.7,901.25,2.8626,27.14,818.33,-80.0574,3.780000000000001,738.2726
2023-08-09,84.4,88.42,953.0,2.9359,28.56,868.6,-81.4641,4.019999999999996,787.1359
2023-08-10,82.82,88.22,934.25,2.8947,27.27,851.4300000000001,-79.9253,5.400000000000006,771.5047000000001
2023-08-11,83.19,88.33,931.0,2.9224,28.04,847.81,-80.2676,5.140000000000001,767.5423999999999
2023-08-14,82.51,87.665,916.5,2.8612,27.55,833.99,-79.64880000000001,5.155000000000001,754.3412
2023-08-15,80.99,86.145,901.5,2.8101,28.3,820.51,-78.17989999999999,5.155000000000001,742.3301
2023-08-16,79.38,86.04,900.5,2.8271,28.54,821.12,-76.5529,6.660000000000011,744.5671
2023-08-17,80.39,85.645,919.25,2.7892,29.3,838.86,-77.6008,5.2549999999999955,761.2592
2023-08-18,81.25,85.57,931.75,2.8082,28.43,850.5,-78.4418,4.319999999999993,772.0581999999999
2023-08-21,80.72,86.35,930.75,2.8026,28.9,850.03,-77.9174,5.6299999999999955,772.1125999999999
2023-08-22,80.35,85.37,929.5,2.55,28.56,849.15,-77.8,5.02000000000001,771.35
2023-08-23,79.52,84.085,928.5,2.602,28.47,848.98,-76.91799999999999,4.564999999999998,772.062
2023-08-24,79.71,83.925,933.0,2.6245,28.88,853.29,-77.0855,4.215000000000003,776.2044999999999
2023-08-25,80.54,85.19,961.0,2.691,28.81,880.46,-77.849,4.6499999999999915,802.611
2023-08-29,81.16,86.16,948.75,2.6015,27.63,867.59,-78.5585,5.0,789.0315
2023-08-30,81.63,86.3,908.25,2.6021,26.63,826.62,-79.02789999999999,4.670000000000002,747.5921000000001
2023-08-31,83.63,87.41,908.5,2.5484,26.56,824.87,-81.0816,3.780000000000001,743.7884
2023-09-01,85.55,89.485,928.75,2.5672,27.48,843.2,-82.9828,3.9350000000000023,760.2172
2023-09-05,86.69,91.87,970.0,2.5345,28.65,883.31,-84.1555,5.180000000000007,799.1545
2023-09-06,87.54,91.315,954.75,2.5361,28.33,867.21,-85.0039,3.7749999999999915,782.2061
2023-09-07,86.87,91.915,964.0,2.5555,27.59,877.13,-84.31450000000001,5.045000000000002,792.8154999999999
2023-09-08,87.51,92.43,1015.0,2.6087,27.16,927.49,-84.9013,4.920000000000002,842.5887
2023-09-11,87.29,92.065,1041.0,2.6687,24.37,953.71,-84.6213,4.7749999999999915,869.0887
2023-09-12,88.84,93.6,1007.25,2.6814,24.23,918.41,-86.1586,4.759999999999991,832.2514
2023-09-13,88.52,93.395,1022.25,2.6609,25.06,933.73,-85.8591,4.875,847.8709
2023-09-14,90.16,95.045,1043.5,2.6452,26.56,953.34,-87.5148,4.885000000000005,865.8252
2023-09-15,90.77,95.095,1020.25,2.5906,27.16,929.48,-88.1794,4.325000000000003,841.3006
2023-09-18,91.48,96.205,999.5,2.5779,27.91,908.02,-88.9021,4.724999999999994,819.1179
2023-09-19,91.2,96.785,1003.75,2.5331,30.32,912.55,-88.6669,5.584999999999994,823.8831
2023-09-20,90.28,95.67,986.0,2.5182,30.38,895.72,-87.7618,5.390000000000001,807.9582
2023-09-21,90.42,94.85,1030.5,2.5306,31.35,940.08,-87.8894,4.429999999999993,852.1906
2023-09-22,91.09,94.355,1004.25,2.4744,30.61,913.16,-88.6156,3.2650000000000006,824.5444
2023-09-25,90.68,93.365,982.25,2.4584,30.96,891.5699999999999,-88.22160000000001,2.684999999999988,803.3484
2023-09-26,90.39,94.08,971.0,2.4766,31.3,880.61,-87.9134,3.6899999999999977,792.6966
2023-09-27,93.68,97.79,986.75,2.5251,32.48,893.0699999999999,-91.15490000000001,4.109999999999999,801.9150999999999
2023-09-28,91.71,97.815,1011.5,2.4412,31.62,919.79,-89.2688,6.105000000000004,830.5211999999999
2023-09-29,90.79,96.3,1019.75,2.3845,32.24,928.96,-88.4055,5.509999999999991,840.5545000000001
2023-10-02,88.82,94.635,985.25,2.4067,32.0,896.4300000000001,-86.41329999999999,5.815000000000012,810.0167000000001
2023-10-03,89.23,94.645,967.75,2.3421,33.25,878.52,-86.8879,5.414999999999992,791.6321
2023-10-04,84.22,91.68,932.0,2.1525,35.35,847.78,-82.0675,7.460000000000008,765.7125
2023-10-05,82.31,88.355,880.75,2.1405,36.59,798.44,-80.1695,6.045000000000002,718.2705000000001
2023-10-06,82.79,88.115,878.25,2.1422,35.68,795.46,-80.6478,5.324999999999989,714.8122000000001
2023-10-09,86.38,91.375,898.5,2.1756,39.85,812.12,-84.20439999999999,4.9950000000000045,727.9156
2023-10-10,85.97,90.705,908.25,2.1846,39.54,822.28,-83.7854,4.734999999999999,738.4946
2023-10-11,83.49,88.205,897.5,2.1201,38.94,814.01,-81.3699,4.715000000000003,732.6401
2023-10-12,82.91,89.375,907.5,2.07,38.52,824.59,-80.84,6.465000000000003,743.75
2023-10-13,87.69,92.76,959.5,2.1728,44.24,871.81,-85.5172,5.070000000000007,786.2927999999999
2023-10-16,86.66,93.1,954.5,2.1805,40.7,867.84,-84.4795,6.439999999999998,783.3605
2023-10-17,86.66,91.77,926.25,2.193,41.37,839.59,-84.467,5.109999999999999,755.123
2023-10-18,88.32,93.07,935.75,2.271,44.4,847.4300000000001,-86.04899999999999,4.75,761.3810000000001
2023-10-19,89.37,93.22,931.75,2.2792,45.7,842.38,-87.0908,3.8499999999999943,755.2891999999999
2023-10-20,88.75,95.04,954.25,2.2763,43.79,865.5,-86.4737,6.290000000000006,779.0263
2023-10-23,86.44,93.135,941.25,2.1916,41.74,854.81,-84.2484,6.695000000000007,770.5616
2023-10-24,84.46,88.745,902.75,2.1002,41.08,818.29,-82.35979999999999,4.285000000000011,735.9302
2023-10-25,86.08,88.945,896.5,2.1203,44.91,810.42,-83.9597,2.864999999999995,726.4603
2023-10-26,83.21,89.69,905.5,2.0786,43.93,822.29,-81.1314,6.480000000000004,741.1586
2023-10-27,85.54,89.235,894.25,2.1252,46.64,808.71,-83.4148,3.694999999999993,725.2952
2023-10-30,82.31,89.025,882.5,2.0218,44.01,800.19,-80.2882,6.715000000000003,719.9018000000001
2023-10-31,81.02,88.51,900.25,2.0523,41.99,819.23,-78.9677,7.490000000000009,740.2623
2023-11-01,80.44,88.625,908.25,2.0205,40.52,827.81,-78.4195,8.185000000000002,749.3905
2023-11-02,82.46,88.495,929.0,2.0935,39.79,846.54,-80.36649999999999,6.035000000000011,766.1735
2023-11-03,80.51,87.985,905.5,2.051,38.53,824.99,-78.459,7.474999999999994,746.531
2023-11-06,80.82,88.09,904.0,2.0784,36.31,823.1800000000001,-78.74159999999999,7.27000000000001,744.4384000000001
2023-11-07,77.37,84.71,874.75,2.0077,38.72,797.38,-75.3623,7.339999999999989,722.0177
2023-11-08,75.33,82.33,857.75,1.9585,40.44,782.42,-73.3715,7.0,709.0485
2023-11-09,75.74,82.72,828.5,1.9908,41.23,752.76,-73.7492,6.980000000000004,679.0108
2023-11-13,78.26,84.395,838.5,2.0559,39.4,760.24,-76.20410000000001,6.134999999999991,684.0359
2023-11-14,78.26,85.175,850.75,2.0128,38.29,772.49,-76.2472,6.914999999999992,696.2428
2023-11-15,76.66,82.48,846.5,1.9943,39.51,769.84,-74.6657,5.820000000000007,695.1743
2023-11-16,72.9,78.475,824.5,1.8686,42.53,751.6,-71.0314,5.574999999999989,680.5686000000001
2023-11-17,75.89,80.035,837.25,1.9505,40.43,761.36,-73.9395,4.144999999999996,687.4205000000001
2023-11-20,77.6,83.2,854.25,2.016,39.0,776.65,-75.58399999999999,5.6000000000000085,701.066
2023-11-21,77.43,82.055,858.5,2.028,38.52,781.0699999999999,-75.402,4.625,705.6679999999999
2023-11-22,76.75,79.55,851.75,2.0383,42.76,775.0,-74.7117,2.799999999999997,700.2883
2023-11-27,74.86,80.16,839.75,2.0204,43.9,764.89,-72.8396,5.299999999999997,692.0504
2023-11-28,76.41,82.06,854.25,2.0526,43.14,777.84,-74.3574,5.650000000000006,703.4826
2023-11-29,77.86,82.365,839.25,2.0798,42.9,761.39,-75.7802,4.5049999999999955,685.6098
2023-11-30,75.96,80.6,817.5,1.9958,39.4,741.54,-73.96419999999999,4.640000000000001,667.5758
2023-12-01,74.07,81.01,821.5,1.9086,35.7,747.4300000000001,-72.16139999999999,6.940000000000012,675.2686000000001
2023-12-04,73.04,78.205,807.75,1.9142,38.08,734.71,-71.12580000000001,5.164999999999992,663.5842
2023-12-05,72.32,78.04,807.25,1.8903,36.36,734.9300000000001,-70.4297,5.720000000000013,664.5003
2023-12-06,69.38,74.665,782.75,1.8327,39.72,713.37,-67.54729999999999,5.285000000000011,645.8227
2023-12-07,69.34,74.315,785.25,1.7862,37.82,715.91,-67.55380000000001,4.974999999999994,648.3562
2023-12-08,71.23,75.785,788.0,1.8373,36.24,716.77,-69.3927,4.554999999999993,647.3773
2023-12-11,71.32,75.85,792.25,1.7906,35.3,720.9300000000001,-69.5294,4.530000000000001,651.4006
2023-12-12,68.61,73.5,735.25,1.7422,36.38,666.64,-66.8678,4.890000000000001,599.7722
2023-12-13,69.47,74.07,744.75,1.8124,36.6,675.28,-67.6576,4.599999999999994,607.6224
2023-12-14,71.58,77.27,763.25,1.9213,33.98,691.67,-69.6587,5.689999999999998,622.0113
2023-12-15,71.43,77.035,776.0,1.977,35.13,704.5699999999999,-69.453,5.60499999999999,635.117
2023-12-18,72.47,79.09,800.75,2.0065,37.09,728.28,-70.4635,6.6200000000000045,657.8165
2023-12-19,73.44,80.065,811.5,2.0408,35.04,738.06,-71.3992,6.625,666.6608
2023-12-20,73.95,81.54,819.5,2.0386,34.98,745.55,-71.9114,7.590000000000003,673.6386
2023-12-21,73.61,80.56,812.25,2.0081,35.44,738.64,-71.6019,6.950000000000003,667.0381
2023-12-22,73.26,80.725,814.0,1.9905,33.32,740.74,-71.26950000000001,7.464999999999989,669.4705
2023-12-27,74.11,80.92,800.5,2.0209,35.41,726.39,-72.0891,6.810000000000002,654.3009
2023-12-28,71.77,79.06,793.75,1.9512,36.45,721.98,-69.8188,7.290000000000006,652.1612
2023-12-29,71.65,77.6,773.25,1.9578,36.22,701.6,-69.6922,5.949999999999989,631.9078000000001
2024-01-02,70.38,75.845,773.5,1.9489,39.05,703.12,-68.4311,5.465000000000003,634.6889
2024-01-03,72.7,77.13,787.0,2.0171,38.22,714.3,-70.6829,4.429999999999993,643.6170999999999
2024-01-04,72.19,75.805,766.5,1.9766,37.58,694.31,-70.2134,3.615000000000009,624.0966
2024-01-05,73.81,78.855,780.0,1.9945,36.07,706.19,-71.8155,5.045000000000002,634.3745
2024-01-08,70.77,75.76,763.75,1.9218,36.79,692.98,-68.84819999999999,4.990000000000009,624.1318
2024-01-09,72.24,78.92,786.0,1.9658,36.09,713.76,-70.2742,6.680000000000007,643.4858
2024-01-10,71.37,78.665,788.0,1.9918,36.35,716.63,-69.3782,7.295000000000002,647.2518
2024-01-11,72.02,80.495,802.0,2.0483,36.78,729.98,-69.9717,8.475000000000009,660.0083
2024-01-12,72.68,80.015,804.75,2.0518,40.64,732.0699999999999,-70.6282,7.334999999999994,661.4418
2024-01-16,72.4,79.8,814.25,2.0559,38.34,741.85,-70.34410000000001,7.3999999999999915,671.5059
2024-01-17,72.56,79.38,796.5,2.0529,37.06,723.94,-70.50710000000001,6.819999999999993,653.4329
2024-01-18,74.08,80.82,808.75,2.101,35.98,734.67,-71.979,6.739999999999995,662.6909999999999
2024-01-19,73.41,81.09,816.25,2.0817,35.79,742.84,-71.3283,7.680000000000007,671.5117
2024-01-22,75.19,82.08,818.25,2.1683,35.71,743.06,-73.0217,6.890000000000001,670.0382999999999
2024-01-23,74.79,82.105,833.25,2.1258,34.99,758.46,-72.66420000000001,7.314999999999998,685.7958
2024-01-24,75.62,81.955,830.5,2.1264,33.99,754.88,-73.4936,6.334999999999994,681.3864
2024-01-25,77.88,83.13,850.25,2.1835,35.1,772.37,-75.6965,5.25,696.6735
2024-01-26,78.01,83.28,855.25,2.2408,34.78,777.24,-75.76920000000001,5.269999999999996,701.4708
2024-01-29,76.78,83.935,876.0,2.1946,36.32,799.22,-74.5854,7.155000000000001,724.6346
2024-01-30,77.82,84.125,866.25,2.2138,36.19,788.4300000000001,-75.60619999999999,6.305000000000007,712.8238000000001
2024-01-31,75.85,82.74,872.75,2.1437,37.25,796.9,-73.7063,6.890000000000001,723.1937
2024-02-01,73.82,83.06,874.25,2.1348,35.38,800.4300000000001,-71.6852,9.240000000000009,728.7448
2024-02-02,72.28,78.895,832.75,2.095,34.85,760.47,-70.185,6.614999999999995,690.2850000000001
2024-02-05,72.78,78.99,835.75,2.2767,34.43,762.97,-70.5033,6.209999999999994,692.4667000000001
2024-02-06,73.31,80.725,860.5,2.1558,33.01,787.19,-71.1542,7.414999999999992,716.0358000000001
2024-02-07,73.86,81.4,881.5,2.198,31.21,807.64,-71.662,7.540000000000006,735.978
2024-02-08,76.22,84.2,904.0,2.282,31.64,827.78,-73.938,7.980000000000004,753.842
2024-02-09,76.84,84.65,932.75,2.292,32.44,855.91,-74.548,7.810000000000002,781.362
2024-02-12,76.92,84.375,906.0,2.3498,32.69,829.08,-74.5702,7.454999999999998,754.5098
2024-02-13,77.87,85.77,909.25,2.3671,32.37,831.38,-75.50290000000001,7.8999999999999915,755.8770999999999
2024-02-14,76.64,84.81,889.5,2.2619,32.76,812.86,-74.3781,8.170000000000002,738.4819
2024-02-15,78.03,85.305,894.0,2.2558,32.02,815.97,-75.77420000000001,7.275000000000006,740.1958
2024-02-16,79.19,86.095,878.25,2.2735,30.84,799.06,-76.9165,6.905000000000001,722.1434999999999
2024-02-20,78.18,84.82,868.25,2.2186,31.81,790.0699999999999,-75.96140000000001,6.639999999999986,714.1085999999999
2024-02-21,79.04,85.385,864.25,2.2508,31.05,785.21,-76.78920000000001,6.344999999999999,708.4208
2024-02-22,79.71,85.505,864.25,2.3175,30.55,784.54,-77.3925,5.795000000000002,707.1474999999999
2024-02-23,77.54,83.55,861.75,2.2518,31.31,784.21,-75.2882,6.009999999999991,708.9218000000001
2024-02-26,77.58,82.99,868.5,2.2932,31.71,790.92,-75.2868,5.409999999999997,715.6332
2024-02-27,78.87,84.01,874.5,2.2944,31.35,795.63,-76.57560000000001,5.140000000000001,719.0544
2024-02-28,78.54,83.55,846.25,2.3237,31.21,767.71,-76.2163,5.009999999999991,691.4937
2024-02-29,78.26,84.55,852.5,2.3485,31.5,774.24,-75.9115,6.289999999999992,698.3285
2024-03-01,79.97,87.385,872.25,2.4054,31.08,792.28,-77.5646,7.415000000000006,714.7153999999999
2024-03-04,78.74,86.175,845.25,2.3957,30.47,766.51,-76.34429999999999,7.435000000000002,690.1657
2024-03-05,78.15,85.21,837.5,2.3403,30.19,759.35,-75.8097,7.059999999999988,683.5403
2024-03-06,79.13,86.31,851.0,2.3414,29.57,771.87,-76.7886,7.180000000000007,695.0814
2024-03-07,78.93,84.8,854.5,2.3248,29.57,775.5699999999999,-76.60520000000001,5.86999999999999,698.9648
2024-03-08,78.01,83.665,835.5,2.2822,29.64,757.49,-75.7278,5.655000000000001,681.7622
2024-03-11,77.93,83.875,836.0,2.573,29.11,758.0699999999999,-75.35700000000001,5.944999999999993,682.713
2024-03-12,77.56,83.475,827.25,2.5564,29.36,749.69,-75.0036,5.914999999999992,674.6864
2024-03-13,79.72,84.435,841.75,2.6315,29.52,762.03,-77.0885,4.715000000000003,684.9415
2024-03-14,81.26,85.51,853.0,2.6308,31.51,771.74,-78.62920000000001,4.25,693.1108
2024-03-15,81.04,85.345,862.0,2.6533,29.77,780.96,-78.3867,4.304999999999993,702.5733
2024-03-18,82.72,86.23,884.25,2.6873,29.81,801.53,-80.0327,3.510000000000005,721.4973
2024-03-19,83.47,87.23,883.0,2.6982,29.22,799.53,-80.7718,3.760000000000005,718.7582
2024-03-20,81.68,85.415,862.0,2.6768,28.82,780.3199999999999,-79.0032,3.7349999999999994,701.3168
2024-03-21,81.54,85.175,860.0,2.6535,27.53,778.46,-78.88650000000001,3.634999999999991,699.5735
2024-03-22,81.04,84.865,864.0,2.667,26.92,782.96,-78.373,3.8249999999999886,704.587
2024-03-25,82.84,86.36,866.25,2.6609,27.49,783.41,-80.1791,3.519999999999996,703.2309
2024-03-26,81.62,85.955,850.5,2.6028,27.25,768.88,-79.0172,4.334999999999994,689.8628
2024-03-27,81.35,85.145,845.75,2.5844,26.6,764.4,-78.76559999999999,3.7950000000000017,685.6344
2024-03-28,83.17,86.96,849.75,2.6321,26.27,766.58,-80.53790000000001,3.789999999999992,686.0421
2024-04-02,85.15,89.83,874.25,2.6664,29.04,789.1,-82.48360000000001,4.679999999999993,706.6164
2024-04-03,85.43,91.05,888.5,2.6549,29.08,803.0699999999999,-82.77510000000001,5.61999999999999,720.2948999999999
2024-04-04,86.59,90.315,875.5,2.6907,32.17,788.91,-83.8993,3.7249999999999943,705.0106999999999
2024-04-05,86.91,93.31,883.25,2.6526,32.36,796.34,-84.25739999999999,6.400000000000006,712.0826000000001
2024-04-08,86.43,92.16,864.5,2.6036,30.57,778.0699999999999,-83.8264,5.72999999999999,694.2435999999999
2024-04-09,85.23,91.895,857.5,2.6206,28.96,772.27,-82.60940000000001,6.664999999999992,689.6605999999999
2024-04-10,86.21,91.17,842.0,2.6466,30.08,755.79,-83.56339999999999,4.960000000000008,672.2266
2024-04-11,85.02,91.715,835.75,2.6441,31.27,750.73,-82.3759,6.695000000000007,668.3541
2024-04-12,85.66,93.31,852.75,2.6504,32.19,767.09,-83.00959999999999,7.650000000000006,684.0804
2024-04-15,85.41,90.51,829.5,2.6289,35.59,744.09,-82.7811,5.1000000000000085,661.3089
2024-04-16,85.36,91.315,832.75,2.6648,33.61,747.39,-82.6952,5.954999999999998,664.6948
2024-04-17,82.69,89.65,820.25,2.5712,33.0,737.56,-80.1188,6.960000000000008,657.4412
2024-04-18,82.73,88.01,791.0,2.5662,31.4,708.27,-80.16380000000001,5.280000000000001,628.1062
2024-04-19,83.14,88.025,790.75,2.5709,31.86,707.61,-80.5691,4.885000000000005,627.0409
2024-04-22,82.85,87.485,791.25,2.5555,29.7,708.4,-80.2945,4.635000000000005,628.1055
2024-04-23,84.66,88.55,795.0,2.5936,28.86,710.34,-82.0664,3.8900000000000006,628.2736
2024-04-24,84.17,88.84,795.5,2.6137,29.04,711.33,-81.55630000000001,4.670000000000002,629.7737000000001
2024-04-25,85.17,88.18,791.25,2.6298,28.34,706.08,-82.5402,3.010000000000005,623.5398
2024-04-26,83.85,89.84,808.75,2.634,27.81,724.9,-81.216,5.990000000000009,643.684
2024-04-29,82.63,88.765,804.75,2.6284,27.84,722.12,-80.0016,6.135000000000005,642.1184000000001
2024-04-30,81.93,87.86,801.75,2.5837,27.87,719.8199999999999,-79.34630000000001,5.929999999999993,640.4736999999999
2024-05-01,79.0,85.105,772.25,2.4789,28.7,693.25,-76.5211,6.105000000000004,616.7289
2024-05-02,78.95,83.925,764.5,2.4965,27.65,685.55,-76.4535,4.974999999999994,609.0965
2024-05-03,78.11,83.305,762.75,2.4576,28.09,684.64,-75.6524,5.195000000000007,608.9875999999999
2024-05-07,78.38,82.09,764.25,2.4359,27.83,685.87,-75.94409999999999,3.710000000000008,609.9259
2024-05-08,78.99,83.145,773.0,2.4268,27.91,694.01,-76.5632,4.155000000000001,617.4467999999999
2024-05-09,79.26,83.24,780.5,2.4323,27.95,701.24,-76.82770000000001,3.9799999999999898,624.4123
2024-05-10,78.26,83.11,772.0,2.3902,27.88,693.74,-75.8698,4.849999999999994,617.8702000000001
2024-05-13,79.12,82.115,774.0,2.398,28.04,694.88,-76.72200000000001,2.9949999999999903,618.158
2024-05-14,78.02,80.55,756.25,2.3686,28.01,678.23,-75.6514,2.530000000000001,602.5786
2024-05-15,78.63,81.31,756.5,2.4103,28.07,677.87,-76.21969999999999,2.680000000000007,601.6503
2024-05-16,79.23,81.61,763.5,2.4733,27.08,684.27,-76.75670000000001,2.3799999999999955,607.5133
2024-05-17,80.06,82.135,776.5,2.5097,28.06,696.44,-77.55030000000001,2.075000000000003,618.8897000000001
2024-05-20,79.8,82.415,778.5,2.4449,27.89,698.7,-77.3551,2.615000000000009,621.3449
2024-05-21,79.26,81.53,771.25,2.4042,27.38,691.99,-76.8558,2.269999999999996,615.1342
2024-05-22,78.23,80.705,758.5,2.3887,27.71,680.27,-75.8413,2.4749999999999943,604.4286999999999
2024-05-23,77.61,79.685,759.25,2.379,28.66,681.64,-75.231,2.075000000000003,606.409
2024-05-24,78.74,79.91,751.5,2.3871,27.56,672.76,-76.35289999999999,1.1700000000000017,596.4071
2024-05-28,79.83,82.49,771.5,2.4193,27.53,691.67,-77.41069999999999,2.6599999999999966,614.2592999999999
2024-05-29,79.23,82.255,764.25,2.3374,26.77,685.02,-76.8926,3.0249999999999915,608.1274
2024-05-30,77.91,81.14,754.5,2.2835,29.24,676.59,-75.6265,3.230000000000004,600.9635000000001
2024-05-31,76.99,80.13,744.0,2.2924,30.34,667.01,-74.6976,3.1400000000000006,592.3124
2024-06-03,74.22,76.635,723.0,2.2256,30.84,648.78,-71.9944,2.4150000000000063,576.7855999999999
2024-06-04,73.25,76.02,718.5,2.2245,30.59,645.25,-71.0255,2.769999999999996,574.2245
2024-06-05,74.07,75.865,717.0,2.2286,29.18,642.9300000000001,-71.8414,1.7950000000000017,571.0886
2024-06-06,75.55,78.445,735.5,2.2575,27.71,659.95,-73.2925,2.894999999999996,586.6575
2024-06-07,75.53,78.305,738.25,2.2351,26.42,662.72,-73.2949,2.7750000000000057,589.4251
2024-06-10,77.74,79.97,752.25,2.2719,25.69,674.51,-75.46809999999999,2.230000000000004,599.0418999999999
2024-06-11,77.9,80.61,759.0,2.2774,25.54,681.1,-75.6226,2.7099999999999937,605.4774
2024-06-12,78.5,81.235,760.5,2.2769,24.8,682.0,-76.2231,2.7349999999999994,605.7769
2024-06-13,78.62,81.635,775.0,2.2756,24.45,696.38,-76.34440000000001,3.0150000000000006,620.0355999999999
2024-06-14,78.45,81.815,774.5,2.2711,24.71,696.05,-76.1789,3.364999999999995,619.8711
2024-06-17,80.33,83.315,780.0,2.3069,24.17,699.67,-78.0231,2.9849999999999994,621.6469
2024-06-18,81.57,85.31,796.0,2.3432,23.73,714.4300000000001,-79.2268,3.740000000000009,635.2032
2024-06-20,82.17,86.09,797.0,2.3601,24.23,714.83,-79.8099,3.9200000000000017,635.0201000000001
2024-06-21,81.97,86.62,798.0,2.3591,24.74,716.03,-79.6109,4.650000000000006,636.4191
2024-06-24,82.84,87.105,794.5,2.3475,25.42,711.66,-80.4925,4.265000000000001,631.1675
2024-06-25,82.08,86.7,798.0,2.3528,25.75,715.92,-79.7272,4.6200000000000045,636.1927999999999
2024-06-26,80.9,85.34,794.25,2.377,26.24,713.35,-78.52300000000001,4.439999999999998,634.827
2024-06-27,81.74,87.21,807.0,2.3743,26.28,725.26,-79.36569999999999,5.469999999999999,645.8943
2024-06-28,81.54,86.69,797.0,2.3665,26.54,715.46,-79.1735,5.1499999999999915,636.2865
2024-07-01,83.38,88.06,808.5,2.4583,27.29,725.12,-80.9217,4.680000000000007,644.1983
2024-07-02,82.81,88.59,822.5,2.4534,25.82,739.69,-80.3566,5.780000000000001,659.3334000000001
2024-07-03,83.88,87.665,806.25,2.4788,24.62,722.37,-81.40119999999999,3.785000000000011,640.9688
2024-07-08,82.33,87.685,799.75,2.4129,23.81,717.42,-79.9171,5.355000000000004,637.5029
2024-07-09,81.41,86.0,786.75,2.4174,24.19,705.34,-78.9926,4.590000000000003,626.3474
2024-07-10,82.1,86.995,790.5,2.3709,24.01,708.4,-79.72909999999999,4.89500000000001,628.6709
2024-07-11,82.62,87.23,788.75,2.3928,24.01,706.13,-80.22720000000001,4.609999999999999,625.9028
2024-07-12,82.21,87.62,790.0,2.3953,24.12,707.79,-79.81469999999999,5.410000000000011,627.9753
2024-07-15,81.91,86.595,784.0,2.4141,23.83,702.09,-79.49589999999999,4.685000000000002,622.5941
2024-07-16,80.76,85.64,770.75,2.4,24.41,689.99,-78.36,4.8799999999999955,611.63
2024-07-17,82.85,86.195,771.75,2.4388,25.28,688.9,-80.4112,3.344999999999999,608.4888
2024-07-18,82.82,86.47,772.25,2.4389,25.68,689.4300000000001,-80.38109999999999,3.6500000000000057,609.0489000000001
2024-07-19,80.13,85.305,763.75,2.3879,26.83,683.62,-77.7421,5.175000000000011,605.8779
2024-07-22,79.78,83.015,753.0,2.4241,26.83,673.22,-77.3559,3.2349999999999994,595.8641
2024-07-23,78.2,82.09,746.25,2.3322,26.74,668.05,-75.8678,3.8900000000000006,592.1822
2024-07-24,78.88,82.94,762.0,2.3694,26.85,683.12,-76.5106,4.060000000000002,606.6094
2024-07-25,79.59,82.745,761.25,2.3955,26.49,681.66,-77.1945,3.155000000000001,604.4655
2024-07-26,77.16,81.355,746.5,2.377,29.77,669.34,-74.783,4.195000000000007,594.557
2024-07-29,75.81,80.84,742.75,2.3423,30.82,666.94,-73.46770000000001,5.030000000000001,593.4723
2024-07-30,74.73,79.22,730.5,2.3193,31.49,655.77,-72.4107,4.489999999999995,583.3593
2024-07-31,77.91,81.485,750.0,2.41,33.69,672.09,-75.5,3.575000000000003,596.59
2024-08-01,76.31,81.77,750.0,2.3755,33.42,673.69,-73.9345,5.459999999999994,599.7555000000001
2024-08-02,73.52,78.21,722.25,2.2951,38.83,648.73,-71.22489999999999,4.689999999999998,577.5051000000001
2024-08-05,72.94,76.845,713.5,2.3361,43.63,640.56,-70.6039,3.905000000000001,569.9561
2024-08-06,73.2,76.28,712.5,2.3062,40.42,639.3,-70.8938,3.0799999999999983,568.4061999999999
2024-08-07,75.23,79.73,734.25,2.3673,38.01,659.02,-72.8627,4.5,586.1573
2024-08-08,76.19,80.495,730.25,2.4392,34.77,654.06,-73.7508,4.305000000000007,580.3091999999999
2024-08-09,76.84,81.6,729.0,2.4078,33.37,652.16,-74.43220000000001,4.759999999999991,577.7278
2024-08-12,80.06,83.165,737.0,2.4379,35.17,656.94,-77.6221,3.105000000000004,579.3179
2024-08-13,78.35,83.285,736.75,2.3172,33.26,658.4,-76.0328,4.935000000000002,582.3672
2024-08-14,76.98,82.865,735.75,2.2761,31.51,658.77,-74.7039,5.884999999999991,584.0661
2024-08-15,78.16,84.15,742.0,2.2905,31.14,663.84,-75.8695,5.990000000000009,587.9705
2024-08-16,76.65,82.265,721.25,2.2427,31.0,644.6,-74.4073,5.614999999999995,570.1927000000001
2024-08-19,74.37,81.75,714.25,2.2088,32.03,639.88,-72.16120000000001,7.3799999999999955,567.7188
2024-08-20,74.04,79.485,697.0,2.1835,32.05,622.96,-71.85650000000001,5.444999999999993,551.1035
2024-08-21,72.67,79.64,705.0,2.1488,32.7,632.33,-70.52120000000001,6.969999999999999,561.8088
2024-08-22,73.79,79.615,702.75,2.1818,31.73,628.96,-71.60820000000001,5.824999999999989,557.3518
2024-08-23,75.84,81.045,713.25,2.2111,30.54,637.41,-73.6289,5.204999999999998,563.7810999999999
2024-08-27,75.53,82.315,713.0,2.0376,31.25,637.47,-73.4924,6.784999999999997,563.9776
2024-08-28,74.52,81.08,697.0,1.9948,32.12,622.48,-72.5252,6.560000000000002,549.9548
2024-08-29,75.91,82.425,709.5,2.0352,31.81,633.59,-73.8748,6.515000000000001,559.7152000000001
2024-08-30,73.55,79.95,702.25,2.0332,33.36,628.7,-71.5168,6.400000000000006,557.1832
2024-09-03,70.34,75.78,688.0,1.9077,35.36,617.66,-68.4323,5.439999999999998,549.2276999999999
2024-09-04,69.2,75.085,674.0,1.8993,37.95,604.8,-67.3007,5.884999999999991,537.4993
2024-09-05,69.15,74.92,674.25,1.8408,36.61,605.1,-67.3092,5.769999999999996,537.7908
2024-09-06,67.67,72.735,658.25,1.826,37.58,590.58,-65.84400000000001,5.064999999999998,524.736
2024-09-09,68.71,72.01,655.5,1.8729,37.0,586.79,-66.83709999999999,3.3000000000000114,519.9529
2024-09-10,65.75,70.685,643.25,1.8225,40.23,577.5,-63.9275,4.935000000000002,513.5725
2024-09-11,67.31,71.01,637.0,1.8472,37.76,569.69,-65.4628,3.700000000000003,504.22720000000004
2024-09-12,68.97,74.6,664.75,1.8645,36.07,595.78,-67.10549999999999,5.6299999999999955,528.6745
2024-09-13,68.65,74.02,654.75,1.8642,35.22,586.1,-66.78580000000001,5.36999999999999,519.3142
2024-09-16,70.09,73.835,646.75,1.8832,34.71,576.66,-68.2068,3.7449999999999903,508.4532
2024-09-17,71.19,74.645,654.5,1.9044,35.29,583.31,-69.2856,3.4549999999999983,514.0243999999999
2024-09-18,70.91,75.075,660.5,1.9207,36.19,589.59,-68.9893,4.165000000000006,520.6007000000001
2024-09-19,71.95,76.52,669.0,1.9759,33.72,597.05,-69.9741,4.569999999999993,527.0758999999999
2024-09-20,71.92,76.075,663.25,1.9598,32.22,591.33,-69.9602,4.155000000000001,521.3698
2024-09-23,71.16,75.13,664.0,1.9101,34.39,592.84,-69.2499,3.969999999999999,523.5901
2024-09-24,72.32,75.765,673.0,1.9405,33.76,600.6800000000001,-70.3795,3.4450000000000074,530.3005
2024-09-25,70.32,75.315,676.25,1.9092,34.4,605.9300000000001,-68.4108,4.9950000000000045,537.5192000000001
2024-09-26,67.67,72.49,665.5,1.8748,39.76,597.83,-65.79520000000001,4.819999999999993,532.0348
2024-09-27,68.18,71.975,664.5,1.8795,39.62,596.3199999999999,-66.30050000000001,3.7949999999999875,530.0194999999999
2024-09-30,68.17,72.895,670.5,1.8951,39.86,602.33,-66.2749,4.724999999999994,536.0551
2024-10-01,69.83,75.36,684.0,1.9041,42.87,614.17,-67.9259,5.530000000000001,546.2441
2024-10-02,70.1,74.775,672.75,1.9284,46.52,602.65,-68.1716,4.675000000000011,534.4784
2024-10-03,73.71,77.94,694.25,2.0576,54.5,620.54,-71.6524,4.230000000000004,548.8876
2024-10-04,74.38,79.4,710.75,2.0333,46.37,636.37,-72.3467,5.02000000000001,564.0233000000001
2024-10-07,77.14,81.19,723.25,2.1076,48.32,646.11,-75.0324,4.049999999999997,571.0776000000001
2024-10-08,73.57,77.87,689.0,2.0131,52.35,615.4300000000001,-71.5569,4.300000000000011,543.8731
2024-10-09,73.24,77.7,683.0,1.9989,48.8,609.76,-71.24109999999999,4.460000000000008,538.5189
2024-10-10,75.85,79.225,688.75,2.0734,52.36,612.9,-73.77659999999999,3.375,539.1234
2024-10-11,75.56,80.05,704.0,2.0841,52.68,628.44,-73.4759,4.489999999999995,554.9641
2024-10-14,73.83,77.93,687.5,2.0449,51.62,613.67,-71.7851,4.1000000000000085,541.8849
2024-10-15,70.58,73.655,651.75,1.9702,48.64,581.17,-68.60979999999999,3.075000000000003,512.5602
2024-10-16,70.39,74.055,652.5,1.9703,47.84,582.11,-68.4197,3.6650000000000063,513.6903
2024-10-17,70.67,74.18,656.5,1.9603,46.88,585.83,-68.7097,3.510000000000005,517.1203
2024-10-18,69.22,72.59,644.25,1.907,47.22,575.03,-67.313,3.3700000000000045,507.717
2024-10-21,70.56,73.555,651.0,1.8931,46.82,580.44,-68.6669,2.9950000000000045,511.77310000000006
2024-10-22,72.09,75.795,670.25,1.9465,47.69,598.16,-70.1435,3.7049999999999983,528.0165
2024-10-23,71.26,74.79,666.0,1.9156,47.78,594.74,-69.34440000000001,3.530000000000001,525.3956000000001
2024-10-24,70.44,74.57,663.75,1.8898,46.66,593.31,-68.5502,4.1299999999999955,524.7597999999999
2024-10-25,71.99,75.85,672.25,1.932,48.97,600.26,-70.05799999999999,3.8599999999999994,530.202
2024-10-28,67.38,72.16,640.0,1.8207,42.96,572.62,-65.5593,4.780000000000001,507.0607
2024-10-29,67.21,71.285,632.5,1.8189,42.47,565.29,-65.3911,4.075000000000003,499.89889999999997
2024-10-30,68.61,73.03,655.25,1.8615,41.13,586.64,-66.74849999999999,4.420000000000002,519.8915
2024-10-31,69.26,73.28,666.5,1.8913,48.79,597.24,-67.3687,4.019999999999996,529.8713
2024-11-01,69.49,74.08,669.25,1.904,44.14,599.76,-67.586,4.590000000000003,532.174
2024-11-04,71.47,75.26,680.75,1.9642,45.75,609.28,-69.5058,3.7900000000000063,539.7742
2024-11-05,71.99,76.775,693.5,1.9821,45.61,621.51,-70.00789999999999,4.785000000000011,551.5021
2024-11-06,71.69,76.03,688.0,1.9779,44.74,616.31,-69.71209999999999,4.340000000000003,546.5979
2024-11-07,72.36,75.62,677.5,1.9786,42.55,605.14,-70.3814,3.260000000000005,534.7586
2024-11-08,70.38,74.05,666.25,1.92,38.76,595.87,-68.46,3.6700000000000017,527.41
2024-11-11,68.04,72.37,654.25,1.8558,37.74,586.21,-66.1842,4.329999999999998,520.0258
2024-11-12,68.12,72.915,662.5,1.8568,34.32,594.38,-66.2632,4.795000000000002,528.1168
2024-11-13,68.43,73.54,664.0,1.8751,37.12,595.5699999999999,-66.5549,5.109999999999999,529.0151
2024-11-14,68.7,73.345,671.25,1.8867,30.9,602.55,-66.8133,4.644999999999996,535.7366999999999
2024-11-15,67.02,73.435,668.75,1.8506,35.07,601.73,-65.1694,6.415000000000006,536.5606
2024-11-18,69.16,74.46,684.75,1.8983,36.89,615.59,-67.26169999999999,5.299999999999997,548.3283
2024-11-19,69.39,73.97,686.75,1.8925,37.28,617.36,-67.4975,4.579999999999998,549.8625
2024-11-20,68.87,74.435,681.0,1.8862,36.74,612.13,-66.9838,5.564999999999998,545.1462
2024-11-21,70.49,75.16,691.25,1.9042,36.91,620.76,-68.58579999999999,4.670000000000002,552.1742
2024-11-22,71.71,76.085,697.75,1.9299,35.74,626.04,-69.78009999999999,4.375,556.2599
2024-11-25,69.27,74.28,679.5,1.8612,37.44,610.23,-67.4088,5.010000000000005,542.8212
2024-11-26,68.77,74.565,691.25,1.861,38.74,622.48,-66.90899999999999,5.795000000000002,555.571
2024-11-27,68.72,73.9,675.75,1.8434,37.0,607.03,-66.8766,5.180000000000007,540.1533999999999
2024-12-02,68.1,73.06,667.0,1.8297,34.71,598.9,-66.27029999999999,4.960000000000008,532.6297
2024-12-03,69.94,74.995,676.0,1.8749,34.55,606.06,-68.0651,5.055000000000007,537.9948999999999
2024-12-04,68.54,74.85,666.25,1.8479,33.82,597.71,-66.69210000000001,6.309999999999988,531.0179
2024-12-05,68.3,73.755,657.5,1.83,29.45,589.2,-66.47,5.454999999999998,522.73
2024-12-06,67.2,72.625,647.25,1.8112,30.98,580.05,-65.3888,5.424999999999997,514.6612
2024-12-09,68.37,73.67,660.5,1.87,27.7,592.13,-66.5,5.299999999999997,525.63
2024-12-10,68.59,73.77,665.75,1.8793,28.61,597.16,-66.7107,5.179999999999993,530.4493
2024-12-11,70.29,74.245,678.0,1.8983,31.99,607.71,-68.3917,3.9549999999999983,539.3183
2024-12-12,70.02,73.6,668.5,1.901,33.64,598.48,-68.119,3.5799999999999983,530.361
2024-12-13,71.29,75.01,689.25,1.9118,34.92,617.96,-69.3782,3.719999999999999,548.5818
2024-12-16,70.71,74.61,684.75,1.8957,33.41,614.04,-68.81429999999999,3.9000000000000057,545.2257
2024-12-17,70.08,73.525,672.75,1.8689,30.71,602.67,-68.2111,3.4450000000000074,534.4589
2024-12-18,70.58,74.81,693.0,1.8883,32.6,622.42,-68.6917,4.230000000000004,553.7283
2024-12-19,69.91,73.185,680.5,1.8719,30.5,610.59,-68.0381,3.2750000000000057,542.5519
2024-12-20,70.06,73.395,677.0,1.8903,29.27,606.94,-68.1697,3.3349999999999937,538.7703
2024-12-23,69.81,72.295,671.0,1.8966,30.16,601.19,-67.9134,2.4849999999999994,533.2766
2024-12-24,70.8,73.24,675.75,1.9191,30.35,604.95,-68.8809,2.4399999999999977,536.0691
2024-12-27,70.6,73.96,681.75,1.9136,30.21,611.15,-68.68639999999999,3.3599999999999994,542.4636
2024-12-30,70.99,73.95,695.0,1.9277,30.77,624.01,-69.0623,2.960000000000008,554.9476999999999
2024-12-31,71.72,74.105,699.75,1.9517,30.02,628.03,-69.7683,2.385000000000005,558.2617
2025-01-02,73.13,76.345,713.5,1.9944,29.54,640.37,-71.1356,3.2150000000000034,569.2344
2025-01-03,73.96,76.65,707.5,1.9937,29.98,633.54,-71.96629999999999,2.690000000000012,561.5736999999999
2025-01-06,73.56,77.51,708.75,1.9705,29.31,635.19,-71.5895,3.950000000000003,563.6005
2025-01-07,74.25,77.84,707.0,1.9566,31.09,632.75,-72.2934,3.5900000000000034,560.4566
2025-01-08,73.32,77.095,698.25,1.9452,31.56,624.9300000000001,-71.3748,3.7750000000000057,553.5552
2025-01-10,76.57,80.35,735.0,2.0274,33.91,658.4300000000001,-74.5426,3.780000000000001,583.8874000000001
2025-01-13,78.82,82.915,755.75,2.0428,33.98,676.9300000000001,-76.7772,4.095000000000013,600.1528000000001
2025-01-14,77.5,81.8,747.0,2.0496,33.51,669.5,-75.4504,4.299999999999997,594.0496
2025-01-15,80.04,83.01,765.25,2.0939,32.93,685.21,-77.9461,2.969999999999999,607.2639
2025-01-16,78.68,82.11,761.25,2.0557,33.13,682.5699999999999,-76.6243,3.4299999999999926,605.9457
2025-01-17,77.88,82.195,760.5,2.0472,33.52,682.62,-75.83279999999999,4.314999999999998,606.7872
2025-01-21,75.89,80.31,743.25,2.038,35.1,667.36,-73.852,4.420000000000002,593.508
2025-01-22,75.71,79.865,732.0,2.0069,34.68,656.29,-73.70309999999999,4.155000000000001,582.5869
2025-01-23,74.93,78.92,720.75,2.0203,34.18,645.8199999999999,-72.9097,3.989999999999995,572.9102999999999
2025-01-24,74.96,78.81,727.0,1.994,29.98,652.04,-72.966,3.8500000000000085,579.074
2025-01-27,73.17,77.885,709.75,1.9723,35.98,636.58,-71.1977,4.715000000000003,565.3823
2025-01-28,73.77,77.77,706.75,2.0007,31.95,632.98,-71.7693,4.0,561.2107
2025-01-29,72.62,77.8,713.75,1.9807,33.02,641.13,-70.6393,5.179999999999993,570.4907
2025-01-30,72.73,77.655,716.75,1.984,31.05,644.02,-70.74600000000001,4.924999999999997,573.274
2025-01-31,72.53,76.98,718.5,1.9713,29.96,645.97,-70.5587,4.450000000000003,575.4113
2025-02-03,73.16,76.15,724.0,2.0302,35.3,650.84,-71.1298,2.990000000000009,579.7102
2025-02-04,72.7,76.425,721.0,2.0215,33.62,648.3,-70.6785,3.7249999999999943,577.6215
2025-02-05,71.03,74.745,708.25,1.9782,34.25,637.22,-69.0518,3.7150000000000034,568.1682000000001
2025-02-06,70.61,74.895,706.5,1.9997,36.25,635.89,-68.6103,4.284999999999997,567.2797
2025-02-07,71.0,74.29,714.25,2.03,29.66,643.25,-68.97,3.2900000000000063,574.28
2025-02-10,72.32,76.04,729.0,2.0217,32.09,656.6800000000001,-70.2983,3.720000000000013,586.3817
2025-02-11,73.32,77.03,744.75,2.0648,29.76,671.4300000000001,-71.25519999999999,3.710000000000008,600.1748000000001
2025-02-12,71.37,75.875,734.5,2.0096,31.79,663.13,-69.3604,4.5049999999999955,593.7696
2025-02-13,71.29,75.15,720.0,2.0332,31.47,648.71,-69.25680000000001,3.8599999999999994,579.4532
2025-02-14,70.74,75.0,725.75,2.0199,28.46,655.01,-68.7201,4.260000000000005,586.2899
2025-02-18,71.85,75.89,730.75,2.0267,27.47,658.9,-69.82329999999999,4.040000000000006,589.0767
2025-02-19,72.25,76.585,735.25,2.0315,28.36,663.0,-70.2185,4.334999999999994,592.7815
2025-02-20,72.57,77.0,747.0,2.034,29.3,674.4300000000001,-70.53599999999999,4.430000000000007,603.8940000000001
2025-02-21,70.58,75.025,728.75,1.9732,35.79,658.17,-68.60679999999999,4.445000000000007,589.5631999999999
2025-02-24,70.91,74.66,723.25,1.9647,31.3,652.34,-68.9453,3.75,583.3947000000001
2025-02-25,69.26,72.885,707.5,1.9454,32.77,638.24,-67.3146,3.625,570.9254
2025-02-26,68.62,72.835,692.25,1.9219,33.36,623.63,-66.69810000000001,4.214999999999989,556.9319
2025-02-27,70.35,73.97,704.5,1.9319,31.72,634.15,-68.4181,3.6200000000000045,565.7319
2025-02-28,69.76,73.425,702.0,1.9169,29.97,632.24,-67.8431,3.664999999999992,564.3969
2025-03-03,68.37,73.825,696.75,1.9103,38.52,628.38,-66.4597,5.454999999999998,561.9203
2025-03-04,68.26,71.745,698.25,1.9342,37.52,629.99,-66.3258,3.4849999999999994,563.6642
2025-03-05,66.31,69.815,667.25,1.9695,35.04,600.94,-64.3405,3.5049999999999955,536.5995
2025-03-06,66.36,70.29,676.25,1.9262,37.14,609.89,-64.4338,3.930000000000007,545.4562
2025-03-07,67.04,72.045,686.75,1.9662,29.75,619.71,-65.0738,5.0049999999999955,554.6362
2025-03-10,66.03,71.11,676.0,1.9325,34.82,609.97,-64.0975,5.079999999999998,545.8725000000001
2025-03-11,66.25,71.2,682.75,1.965,31.83,616.5,-64.285,4.950000000000003,552.215
2025-03-12,67.68,72.245,670.0,1.9876,31.09,602.3199999999999,-65.6924,4.564999999999998,536.6275999999999
2025-03-13,66.55,71.405,661.5,2.0856,32.8,594.95,-64.4644,4.855000000000004,530.4856000000001
2025-03-14,67.18,71.61,656.25,2.1062,33.52,589.0699999999999,-65.0738,4.429999999999993,523.9961999999999
2025-03-17,67.58,72.37,662.5,2.1387,30.9,594.92,-65.4413,4.790000000000006,529.4787
2025-03-18,66.9,71.775,659.75,2.1309,36.12,592.85,-64.76910000000001,4.875,528.0809
2025-03-19,67.16,71.5,664.25,2.1146,33.87,597.09,-65.0454,4.340000000000003,532.0446000000001
2025-03-20,68.26,72.515,678.25,2.1361,29.72,609.99,-66.1239,4.2549999999999955,543.8661
2025-03-21,68.63,72.51,680.0,2.1454,28.43,611.37,-66.4846,3.8800000000000097,544.8854
2025-03-24,69.51,73.71,682.75,2.1568,29.67,613.24,-67.3532,4.199999999999989,545.8868
2025-03-25,69.46,73.525,683.25,2.1491,28.27,613.79,-67.31089999999999,4.065000000000012,546.4791
2025-03-26,69.65,74.76,691.25,2.1819,28.84,621.6,-67.4681,5.109999999999999,554.1319
2025-03-27,69.92,74.495,687.75,2.1895,28.49,617.83,-67.7305,4.575000000000003,550.0995
2025-03-28,69.36,74.435,678.5,2.1935,28.7,609.14,-67.1665,5.075000000000003,541.9735
2025-03-31,71.48,77.165,694.5,2.2532,30.88,623.02,-69.2268,5.685000000000002,553.7932
2025-04-01,71.2,77.62,693.75,2.2675,30.57,622.55,-68.9325,6.420000000000002,553.6175
2025-04-02,71.71,77.33,693.0,2.2985,29.98,621.29,-69.41149999999999,5.6200000000000045,551.8785
2025-04-03,66.95,72.425,654.5,2.1243,35.45,587.55,-64.8257,5.474999999999994,522.7243
2025-04-04,61.99,67.94,620.75,2.0245,44.72,558.76,-59.9655,5.949999999999996,498.79449999999997
2025-04-07,60.7,66.66,613.75,1.9901,52.81,553.05,-58.709900000000005,5.959999999999994,494.34009999999995
2025-04-08,59.58,66.15,618.5,1.9539,55.26,558.92,-57.6261,6.570000000000007,501.29389999999995
2025-04-09,62.35,62.6,587.75,1.9984,42.9,525.4,-60.351600000000005,0.25,465.04839999999996
2025-04-10,60.07,65.385,608.25,1.9138,49.0,548.18,-58.1562,5.315000000000005,490.02379999999994
2025-04-11,61.5,65.825,604.0,1.9516,50.88,542.5,-59.5484,4.325000000000003,482.9516
2025-04-14,61.53,66.81,618.0,1.9822,47.76,556.47,-59.5478,5.280000000000001,496.92220000000003
2025-04-15,61.33,66.34,619.75,1.9769,42.31,558.42,-59.3531,5.010000000000005,499.0669
2025-04-16,62.47,67.605,631.75,1.9934,43.56,569.28,-60.4766,5.135000000000005,508.80339999999995
2025-04-17,64.68,68.12,638.0,2.0563,41.27,573.3199999999999,-62.62370000000001,3.4399999999999977,510.69629999999995
2025-04-22,64.31,69.0,643.0,2.0583,43.15,578.69,-62.2517,4.689999999999998,516.4383
2025-04-23,62.98,66.945,629.75,2.0393,43.56,566.77,-60.9407,3.9649999999999963,505.8293
2025-04-24,63.57,67.265,634.25,2.0563,44.37,570.68,-61.5137,3.6950000000000003,509.1663
2025-04-25,63.95,67.485,641.0,2.0697,43.53,577.05,-61.880300000000005,3.5349999999999966,515.1696999999999
2025-04-28,62.05,65.85,635.0,2.0463,43.55,572.95,-60.003699999999995,3.799999999999997,512.9463000000001
2025-04-29,60.42,64.345,627.5,2.0095,48.41,567.08,-58.4105,3.924999999999997,508.6695
2025-04-30,58.21,63.2,617.0,1.9727,54.46,558.79,-56.2373,4.990000000000002,502.55269999999996
2025-05-01,59.24,61.52,602.25,2.0067,51.96,543.01,-57.2333,2.280000000000001,485.7767
2025-05-02,58.29,61.405,597.5,1.9874,50.59,539.21,-56.3026,3.115000000000002,482.90740000000005
2025-05-06,59.09,62.705,606.25,2.017,42.14,547.16,-57.073,3.614999999999995,490.087
2025-05-07,58.07,61.07,589.5,1.9778,42.66,531.43,-56.0922,3.0,475.33779999999996
2025-05-08,59.91,62.3,598.25,2.0304,40.6,538.34,-57.879599999999996,2.3900000000000006,480.46040000000005
2025-05-09,61.02,63.415,603.25,2.0609,39.82,542.23,-58.95910000000001,2.394999999999996,483.2709
2025-05-12,61.95,64.95,621.25,2.0681,37.5,559.3,-59.8819,3.0,499.4181
2025-05-13,63.67,66.145,634.25,2.0885,36.71,570.58,-61.581500000000005,2.4749999999999943,508.99850000000004
2025-05-14,63.15,65.915,638.25,2.09,36.72,575.1,-61.06,2.7650000000000077,514.04
2025-05-15,61.62,64.015,633.0,2.0482,37.4,571.38,-59.571799999999996,2.395000000000003,511.8082
2025-05-16,62.49,65.075,629.75,2.0568,37.88,567.26,-60.4332,2.585000000000001,506.8268
2025-05-19,62.69,66.035,628.0,2.0513,38.0,565.31,-60.6387,3.344999999999999,504.6713
2025-05-20,62.56,65.55,621.5,2.0548,34.62,558.94,-60.5052,2.989999999999995,498.43480000000005
2025-05-21,62.33,65.42,621.25,2.0626,39.12,558.92,-60.267399999999995,3.0900000000000034,498.65259999999995
2025-05-22,61.84,64.68,620.5,2.0474,41.44,558.66,-59.7926,2.8400000000000034,498.8674
2025-05-23,62.18,65.53,626.0,2.038,43.13,563.82,-60.142,3.3500000000000014,503.67800000000005
2025-05-27,60.89,64.255,624.25,1.998,41.94,563.36,-58.892,3.364999999999995,504.468
2025-05-28,61.84,65.465,642.5,2.0007,40.42,580.66,-59.8393,3.625,520.8207
2025-05-29,60.94,64.76,639.5,1.9885,40.26,578.56,-58.951499999999996,3.8200000000000074,519.6084999999999
2025-05-30,60.79,63.91,630.0,1.9776,40.71,569.21,-58.8124,3.1199999999999974,510.3976
2025-06-02,62.52,66.78,639.75,2.0075,38.7,577.23,-60.5125,4.259999999999998,516.7175
2025-06-03,63.41,67.88,648.0,2.0363,37.75,584.59,-61.3737,4.469999999999999,523.2163
2025-06-04,62.85,66.5,635.0,1.9815,37.7,572.15,-60.868500000000004,3.6499999999999986,511.2815
2025-06-05,63.37,67.25,640.0,2.0079,34.89,576.63,-61.3621,3.8800000000000026,515.2679
2025-06-06,64.58,68.165,640.25,2.0143,35.72,575.67,-62.5657,3.585000000000008,513.1043
2025-06-09,65.29,68.895,653.5,2.0277,34.42,588.21,-63.2623,3.6049999999999898,524.9477
2025-06-10,64.98,69.675,661.75,2.0243,35.05,596.77,-62.95570000000001,4.694999999999993,533.8143
2025-06-11,68.15,69.67,654.5,2.1118,43.24,586.35,-66.0382,1.519999999999996,520.3118000000001
2025-06-12,68.04,70.865,656.75,2.0867,45.37,588.71,-65.95330000000001,2.8249999999999886,522.7567
2025-06-13,72.98,75.185,696.5,2.1626,57.23,623.52,-70.8174,2.2049999999999983,552.7026
2025-06-16,71.77,73.615,701.0,2.1587,56.6,629.23,-69.6113,1.8449999999999989,559.6187
2025-06-17,74.84,77.385,749.5,2.2082,71.56,674.66,-72.6318,2.5450000000000017,602.0282
2025-06-18,75.14,77.045,756.0,2.2373,66.86,680.86,-72.9027,1.9050000000000011,607.9573
2025-06-20,74.93,78.155,785.5,2.258,64.67,710.5699999999999,-72.67200000000001,3.2249999999999943,637.8979999999999
2025-06-23,69.62,77.655,771.75,2.1416,53.65,702.13,-67.47840000000001,8.034999999999997,634.6516
2025-06-24,65.38,69.14,689.75,2.0134,48.8,624.37,-63.3666,3.760000000000005,561.0034
2025-06-25,66.11,69.215,704.5,2.011,42.75,638.39,-64.099,3.105000000000004,574.2909999999999
2025-06-26,65.24,69.815,714.5,2.0277,41.86,649.26,-63.21229999999999,4.575000000000003,586.0477
2025-06-27,65.52,69.01,696.75,2.0244,41.23,631.23,-63.495599999999996,3.490000000000009,567.7344
2025-06-30,65.11,67.96,692.25,2.0271,38.89,627.14,-63.0829,2.8499999999999943,564.0571
2025-07-01,65.45,68.665,712.25,2.0578,38.0,646.8,-63.3922,3.2150000000000034,583.4078
2025-07-02,67.45,69.755,727.5,2.0729,40.24,660.05,-65.3771,2.3049999999999926,594.6728999999999
2025-07-03,67.0,71.205,740.75,2.0661,37.75,673.75,-64.9339,4.204999999999998,608.8161
2025-07-07,67.93,71.41,734.25,2.091,41.23,666.3199999999999,-65.83900000000001,3.4799999999999898,600.4809999999999
2025-07-08,68.33,71.945,754.75,2.125,35.71,686.42,-66.205,3.614999999999995,620.2149999999999
2025-07-09,68.38,72.425,751.0,2.1304,34.17,682.62,-66.2496,4.045000000000002,616.3704
2025-07-10,66.57,70.455,746.25,2.0899,32.8,679.6800000000001,-64.4801,3.885000000000005,615.1999000000001
2025-07-11,68.45,72.44,777.75,2.1183,37.06,709.3,-66.3317,3.989999999999995,642.9683
2025-07-14,66.98,71.36,761.75,2.0867,33.53,694.77,-64.89330000000001,4.3799999999999955,629.8767
2025-07-15,66.52,71.21,761.75,2.0946,34.38,695.23,-64.4254,4.689999999999998,630.8046
2025-07-16,66.38,69.97,733.5,2.0578,33.16,667.12,-64.3222,3.5900000000000034,602.7978
2025-07-17,67.54,70.86,746.5,2.0891,32.84,678.96,-65.4509,3.319999999999993,613.5091
2025-07-18,67.34,71.11,756.75,2.0633,32.17,689.41,-65.2767,3.769999999999996,624.1333
2025-07-21,67.2,70.555,749.75,2.0406,31.38,682.55,-65.1594,3.355000000000004,617.3906
2025-07-22,66.21,69.825,728.0,2.0144,32.26,661.79,-64.1956,3.615000000000009,597.5944
2025-07-23,66.36,69.745,723.75,2.0306,32.39,657.39,-64.32939999999999,3.385000000000005,593.0606
2025-07-24,67.23,70.7,716.25,2.0179,32.37,649.02,-65.2121,3.469999999999999,583.8079
2025-07-25,66.11,69.395,724.25,2.0058,32.88,658.14,-64.1042,3.2849999999999966,594.0358
2025-07-28,66.71,70.255,720.0,2.0421,35.37,653.29,-64.66789999999999,3.5450000000000017,588.6220999999999
2025-07-29,69.21,71.475,728.0,2.1184,38.04,658.79,-67.0916,2.2650000000000006,591.6984
2025-07-30,70.0,73.645,724.5,2.1421,37.75,654.5,-67.8579,3.644999999999996,586.6421
2025-07-31,69.26,72.71,719.25,2.1089,36.78,649.99,-67.1511,3.4499999999999886,582.8389
2025-08-01,67.33,71.39,692.25,2.0611,39.37,624.92,-65.2689,4.060000000000002,559.6510999999999
2025-08-04,66.29,70.83,696.5,2.0472,38.79,630.21,-64.2428,4.539999999999992,565.9672
2025-08-05,65.16,69.39,678.5,2.0428,35.3,613.34,-63.1172,4.230000000000004,550.2228
2025-08-06,64.35,69.585,690.75,2.0404,36.67,626.4,-62.309599999999996,5.234999999999999,564.0903999999999
2025-08-07,63.88,67.74,679.25,2.0213,35.01,615.37,-61.8587,3.8599999999999923,553.5113
2025-08-08,63.88,67.865,685.25,2.0299,34.06,621.37,-61.850100000000005,3.9849999999999923,559.5199
2025-08-11,63.96,68.035,679.0,2.0029,31.4,615.04,-61.957100000000004,4.074999999999996,553.0829
2025-08-12,63.17,67.55,670.75,2.0069,30.31,607.58,-61.1631,4.3799999999999955,546.4169
2025-08-13,62.65,66.87,659.5,1.9879,33.82,596.85,-60.662099999999995,4.220000000000006,536.1879
2025-08-14,63.96,68.195,663.0,2.0392,35.96,599.04,-61.9208,4.234999999999992,537.1192
2025-08-15,62.8,67.82,666.25,1.9875,37.22,603.45,-60.8125,5.019999999999996,542.6375
2025-08-18,63.42,67.36,656.5,2.0119,32.15,593.08,-61.408100000000005,3.9399999999999977,531.6719
2025-08-19,62.35,67.28,671.25,2.0152,33.04,608.9,-60.3348,4.93,548.5652
2025-08-20,63.21,67.71,682.5,2.0566,32.51,619.29,-61.1534,4.499999999999993,558.1365999999999
2025-08-21,63.92,68.105,692.25,2.0922,31.54,628.33,-61.8278,4.185000000000002,566.5022
2025-08-22,64.06,68.27,693.5,2.0038,30.35,629.44,-62.056200000000004,4.209999999999994,567.3838000000001
2025-08-26,63.25,67.47,687.25,1.9647,33.73,624.0,-61.2853,4.219999999999999,562.7147
2025-08-27,64.15,67.41,691.25,1.9532,31.94,627.1,-62.1968,3.259999999999991,564.9032
2025-08-28,64.6,67.595,691.0,1.9827,33.98,626.4,-62.61729999999999,2.9950000000000045,563.7827
2025-08-29,64.01,67.58,690.5,1.9614,32.63,626.49,-62.04860000000001,3.569999999999993,564.4414
2025-09-02,65.59,69.36,720.0,2.0553,34.28,654.41,-63.5347,3.769999999999996,590.8752999999999
2025-09-03,63.97,67.555,723.0,2.017,35.22,659.03,-61.952999999999996,3.585000000000008,597.077
2025-09-04,63.48,67.135,711.5,1.967,35.03,648.02,-61.513,3.6550000000000082,586.507
2025-09-05,61.87,65.1,699.25,1.9142,33.33,637.38,-59.955799999999996,3.229999999999997,577.4242
2025-09-08,62.26,66.355,709.25,1.9086,35.03,646.99,-60.3514,4.095000000000006,586.6386
2025-09-09,62.63,66.57,711.25,1.94,33.44,648.62,-60.690000000000005,3.9399999999999906,587.93
2025-09-10,63.67,67.025,710.5,1.953,33.35,646.83,-61.717,3.355000000000004,585.113
2025-09-11,62.37,66.18,690.25,1.9243,33.96,627.88,-60.445699999999995,3.8100000000000094,567.4343
2025-09-12,62.69,67.595,706.5,1.9454,31.77,643.81,-60.7446,4.905000000000001,583.0654
2025-09-15,63.3,67.51,711.5,1.9484,30.98,648.2,-61.3516,4.210000000000008,586.8484000000001
2025-09-16,64.52,68.47,728.25,1.9441,33.17,663.73,-62.5759,3.950000000000003,601.1541
2025-09-17,64.05,68.19,721.25,1.9312,31.05,657.2,-62.1188,4.140000000000001,595.0812000000001
2025-09-18,63.57,67.81,717.5,1.9021,31.88,653.93,-61.6679,4.240000000000002,592.2620999999999
2025-09-19,62.68,67.055,708.25,1.8551,30.53,645.57,-60.8249,4.375000000000007,584.7451000000001
2025-09-22,62.64,66.79,703.25,1.863,30.88,640.61,-60.777,4.150000000000006,579.833
2025-09-23,63.81,68.47,723.25,1.8848,32.58,659.44,-61.925200000000004,4.659999999999997,597.5148
2025-09-24,65.49,69.625,726.5,1.9072,34.08,661.01,-63.58279999999999,4.135000000000005,597.4272
2025-09-25,65.71,70.58,731.25,1.8872,36.85,665.54,-63.822799999999994,4.8700000000000045,601.7171999999999
2025-09-26,65.72,71.93,743.25,1.9288,35.85,677.53,-63.791199999999996,6.210000000000008,613.7388
2025-09-29,63.45,68.815,711.75,1.8767,35.54,648.3,-61.5733,5.364999999999995,586.7266999999999
2025-09-30,62.37,67.895,707.5,1.8648,35.58,645.13,-60.505199999999995,5.524999999999999,584.6248
2025-10-01,61.78,67.355,707.75,1.8284,36.39,645.97,-59.9516,5.575000000000003,586.0184
2025-10-02,60.48,65.93,684.0,1.8023,37.62,623.52,-58.677699999999994,5.45000000000001,564.8423
2025-10-03,60.88,66.325,681.25,1.813,36.5,620.37,-59.067,5.445,561.303
2025-10-06,61.69,67.145,677.25,1.8691,32.44,615.56,-59.820899999999995,5.454999999999998,555.7391
2025-10-07,61.73,66.915,679.5,1.8664,31.82,617.77,-59.8636,5.185000000000009,557.9064
2025-10-08,62.55,68.165,686.5,1.8745,31.53,623.95,-60.6755,5.615000000000009,563.2745
2025-10-09,61.51,67.43,692.75,1.8261,32.48,631.24,-59.6839,5.920000000000009,571.5561
2025-10-10,58.9,64.485,665.75,1.7604,37.73,606.85,-57.1396,5.585000000000001,549.7104
2025-10-13,59.49,64.285,673.25,1.7988,35.92,613.76,-57.6912,4.794999999999995,556.0688
2025-10-14,58.7,62.465,653.5,1.7436,37.9,594.8,-56.9564,3.7650000000000006,537.8435999999999
2025-10-15,58.27,62.595,650.5,1.7294,36.62,592.23,-56.540600000000005,4.324999999999996,535.6894
2025-10-16,57.46,61.855,655.5,1.7292,38.26,598.04,-55.7308,4.394999999999996,542.3091999999999
2025-10-17,57.54,60.94,646.25,1.6717,37.24,588.71,-55.8683,3.3999999999999986,532.8417000000001
2025-10-20,57.52,60.62,655.25,1.7078,36.77,597.73,-55.812200000000004,3.0999999999999943,541.9178
2025-10-21,57.82,60.995,657.75,1.7043,35.87,599.93,-56.115700000000004,3.174999999999997,543.8143
2025-10-22,59.27,62.055,672.75,1.7168,38.09,613.48,-57.553200000000004,2.7849999999999966,555.9268
2025-10-23,62.62,65.39,722.75,1.7554,40.46,660.13,-60.864599999999996,2.770000000000003,599.2654
2025-10-24,62.31,66.455,734.75,1.7511,38.7,672.44,-60.5589,4.144999999999996,611.8811000000001
2025-10-27,61.31,65.64,753.75,1.7735,38.96,692.44,-59.536500000000004,4.329999999999998,632.9035
2025-10-28,60.15,64.075,727.0,1.7584,37.18,666.85,-58.3916,3.9250000000000043,608.4584
2025-10-29,60.48,65.475,736.5,1.7857,37.14,676.02,-58.6943,4.994999999999997,617.3257
2025-10-30,60.57,65.175,740.25,1.7876,34.74,679.68,-58.7824,4.604999999999997,620.8975999999999
2025-10-31,60.98,65.205,736.25,1.8158,36.2,675.27,-59.164199999999994,4.225000000000001,616.1058
2025-11-03,61.05,65.85,740.5,1.8411,34.31,679.45,-59.2089,4.799999999999997,620.2411000000001
2025-11-04,60.56,65.2,734.75,1.8253,34.27,674.19,-58.734700000000004,4.640000000000001,615.4553000000001
2025-11-05,59.6,64.565,787.0,1.8113,33.69,727.4,-57.7887,4.964999999999996,669.6113
2025-11-06,59.43,63.655,814.5,1.8481,33.76,755.07,-57.5819,4.225000000000001,697.4881
2025-11-07,59.75,63.785,793.5,1.8378,33.33,733.75,-57.9122,4.034999999999997,675.8378
2025-11-10,60.13,62.415,748.75,1.8661,32.12,688.62,-58.2639,2.2849999999999966,630.3561
2025-11-11,61.04,64.235,808.5,1.9008,32.02,747.46,-59.1392,3.1950000000000003,688.3208000000001
2025-11-12,58.49,61.995,746.75,1.8629,33.0,688.26,-56.6271,3.5049999999999955,631.6329
2025-11-13,58.69,62.24,745.5,1.8897,32.63,686.81,-56.8003,3.5500000000000043,630.0097
2025-11-14,60.09,63.74,774.5,1.9016,33.12,714.41,-58.1884,3.6499999999999986,656.2216
2025-11-17,59.91,63.67,768.25,1.8801,32.38,708.34,-58.0299,3.760000000000005,650.3101
2025-11-18,60.74,63.515,812.25,1.8743,33.33,751.51,-58.865700000000004,2.7749999999999986,692.6442999999999
2025-11-19,59.44,63.205,812.5,1.7739,34.12,753.06,-57.6661,3.7650000000000006,695.3938999999999
2025-11-20,59.14,63.53,790.0,1.7565,36.38,730.86,-57.3835,4.390000000000001,673.4765
2025-11-21,58.31,62.335,752.25,1.7266,35.97,693.94,-56.583400000000005,4.024999999999999,637.3566000000001
2025-11-24,59.0,63.36,738.75,1.7132,36.3,679.75,-57.2868,4.359999999999999,622.4632
2025-11-25,58.15,62.89,710.75,1.7022,37.57,652.6,-56.4478,4.740000000000002,596.1522
2025-11-26,58.65,63.42,689.0,1.7273,35.7,630.35,-56.9227,4.770000000000003,573.4273000000001
2025-12-01,59.32,64.175,701.0,1.7599,35.82,641.68,-57.5601,4.854999999999997,584.1198999999999
2025-12-02,58.64,64.14,694.0,1.7203,35.89,635.36,-56.9197,5.5,578.4403
2025-12-03,58.95,64.42,673.75,1.7202,33.72,614.8,-57.229800000000004,5.469999999999999,557.5702
2025-12-04,59.67,64.295,675.75,1.7171,33.3,616.08,-57.9529,4.625,558.1271
2025-12-05,60.08,64.63,692.0,1.7216,32.06,631.92,-58.358399999999996,4.549999999999997,573.5616
2025-12-08,58.88,63.675,673.25,1.6756,33.03,614.37,-57.2044,4.794999999999995,557.1656
2025-12-09,58.25,62.8,653.25,1.6637,30.82,595.0,-56.5863,4.549999999999997,538.4137
2025-12-10,58.46,62.455,657.0,1.6625,30.78,598.54,-56.7975,3.9949999999999974,541.7425
2025-12-11,57.6,61.865,637.5,1.6288,31.88,579.9,-55.9712,4.265000000000001,523.9288
2025-12-12,57.44,61.95,636.0,1.6321,29.93,578.56,-55.8079,4.510000000000005,522.7520999999999
2025-12-15,56.82,61.355,634.0,1.6148,32.85,577.18,-55.2052,4.534999999999997,521.9748
2025-12-16,55.27,60.09,619.5,1.5719,36.23,564.23,-53.698100000000004,4.82,510.5319
2025-12-17,55.94,61.28,626.25,1.5758,36.74,570.31,-54.3642,5.340000000000003,515.9458
2025-12-18,56.15,61.35,623.5,1.6084,33.6,567.35,-54.541599999999995,5.200000000000003,512.8084
2025-12-19,56.66,61.495,618.5,1.6169,33.62,561.84,-55.043099999999995,4.835000000000001,506.79690000000005
2025-12-22,58.16,62.815,627.25,1.656,33.03,569.09,-56.504,4.655000000000001,512.586
2025-12-23,58.53,63.55,637.5,1.6701,33.02,578.97,-56.8599,5.019999999999996,522.1101
2025-12-24,58.53,63.48,645.25,1.6616,31.71,586.72,-56.8684,4.949999999999996,529.8516000000001
2025-12-29,58.08,62.445,632.75,1.6492,32.16,574.67,-56.4308,4.365000000000002,518.2392
2025-12-30,57.95,62.42,638.25,1.663,30.76,580.3,-56.287000000000006,4.469999999999999,524.0129999999999
2025-12-31,57.42,62.445,634.0,1.64,30.17,576.58,-55.78,5.024999999999999,520.8000000000001
2026-01-02,57.32,60.845,619.25,1.6157,28.4,561.93,-55.7043,3.5249999999999986,506.22569999999996
2026-01-05,58.32,62.84,631.5,1.635,29.41,573.18,-56.685,4.520000000000003,516.4949999999999
2026-01-06,57.13,62.9,624.0,1.6066,30.06,566.87,-55.5234,5.769999999999996,511.3466
2026-01-07,55.99,61.82,610.75,1.592,32.98,554.76,-54.398,5.829999999999998,500.36199999999997
2026-01-08,57.76,62.885,620.0,1.6603,35.8,562.24,-56.0997,5.125,506.1403
2026-01-09,59.12,65.315,639.75,1.6881,36.8,580.63,-57.4319,6.195,523.1981
2026-01-12,59.5,65.565,631.25,1.7088,38.85,571.75,-57.7912,6.064999999999998,513.9588
2026-01-13,61.15,68.385,661.25,1.7515,40.43,600.1,-59.3985,7.2350000000000065,540.7015
2026-01-14,62.02,68.675,664.25,1.7629,44.19,602.23,-60.2571,6.654999999999994,541.9729
2026-01-15,59.19,66.26,647.25,1.7063,42.06,588.06,-57.4837,7.070000000000007,530.5763
2026-01-16,59.44,67.61,663.0,1.7177,43.19,603.56,-57.7223,8.170000000000002,545.8376999999999
2026-01-20,60.34,68.0,675.25,1.766,42.78,614.91,-58.574000000000005,7.659999999999997,556.336
2026-01-21,60.82,67.655,695.5,1.802,45.45,634.68,-59.018,6.835000000000001,575.6619999999999
2026-01-22,59.48,66.235,682.25,1.7687,44.7,622.77,-57.711299999999994,6.755000000000003,565.0587
2026-01-23,61.24,68.08,684.75,1.7919,47.64,623.51,-59.448100000000004,6.839999999999996,564.0619
2026-01-26,60.63,67.655,688.5,1.7507,47.78,627.87,-58.8793,7.024999999999999,568.9907000000001
2026-01-27,62.39,69.155,689.5,1.7826,49.61,627.11,-60.6074,6.765000000000001,566.5026
2026-01-28,63.21,70.015,706.0,1.7991,50.39,642.79,-61.4109,6.805,581.3791
2026-01-29,65.42,72.325,721.0,1.8353,55.37,655.58,-63.584700000000005,6.905000000000001,591.9953
2026-01-30,65.21,72.72,751.25,1.8447,55.91,686.04,-63.36529999999999,7.510000000000005,622.6747
2026-02-02,62.14,68.63,691.0,1.7639,48.7,628.86,-60.3761,6.489999999999995,568.4839000000001
2026-02-03,63.21,69.655,693.5,1.8104,52.34,630.29,-61.3996,6.445,568.8904
2026-02-04,65.14,69.84,695.25,1.8752,55.13,630.11,-63.2648,4.700000000000003,566.8452
2026-02-05,63.29,69.675,690.25,1.8304,54.97,626.96,-61.4596,6.384999999999998,565.5004
2026-02-06,63.55,71.065,708.25,1.857,53.18,644.7,-61.693,7.515000000000001,583.0070000000001
2026-02-09,64.36,71.98,702.25,1.8893,50.79,637.89,-62.4707,7.6200000000000045,575.4193
2026-02-10,63.96,71.99,693.0,1.8617,48.02,629.04,-62.0983,8.029999999999994,566.9417
2026-02-11,64.63,73.1,709.5,1.8814,44.33,644.87,-62.748599999999996,8.469999999999999,582.1214
2026-02-12,62.84,70.83,685.25,1.8197,42.0,622.41,-61.020300000000006,7.989999999999995,561.3897
2026-02-13,62.89,70.115,687.0,1.816,42.18,624.11,-61.074,7.224999999999994,563.0360000000001
2026-02-17,62.33,69.69,685.75,1.8219,42.54,623.42,-60.5081,7.359999999999999,562.9119
2026-02-18,65.19,71.285,710.0,1.8698,51.49,644.81,-63.3202,6.094999999999999,581.4898
2026-02-19,66.43,72.83,739.75,1.9087,56.73,673.3199999999999,-64.52130000000001,6.3999999999999915,608.7986999999999
2026-02-20,66.39,72.27,744.5,1.8984,56.12,678.11,-64.4916,5.8799999999999955,613.6184000000001
2026-02-23,66.26,73.02,758.5,1.8944,59.05,692.24,-64.3656,6.759999999999991,627.8744
2026-02-24,65.48,71.35,741.75,1.8419,58.82,676.27,-63.6381,5.86999999999999,612.6319
2026-02-25,65.22,70.795,739.0,1.8458,58.97,673.78,-63.3742,5.575000000000003,610.4058
2026-02-26,65.42,72.055,762.25,2.0112,59.8,696.83,-63.4088,6.635000000000005,633.4212
2026-02-27,67.02,70.83,762.5,2.058,64.68,695.48,-64.96199999999999,3.8100000000000023,630.518
2026-03-02,71.23,77.71,886.75,2.1356,68.9,815.52,-69.09440000000001,6.47999999999999,746.4256
2026-03-03,74.56,84.625,1014.75,2.0687,73.99,940.19,-72.4913,10.064999999999998,867.6987
2026-03-04,74.66,81.03,1009.75,2.2599,75.2,935.09,-72.4001,6.3700000000000045,862.6899000000001
2026-03-05,81.01,87.915,1141.75,2.3884,83.83,1060.74,-78.6216,6.905000000000001,982.1184000000001
2026-03-06,90.9,94.305,1207.75,2.4141,103.6,1116.85,-88.4859,3.405000000000001,1028.3641
2026-03-09,94.77,102.93,1227.75,2.6759,100.53,1132.98,-92.0941,8.16000000000001,1040.8859
2026-03-10,83.45,88.335,1059.5,2.5503,108.19,976.05,-80.8997,4.884999999999991,895.1503
2026-03-11,87.25,91.47,1146.5,2.7283,120.91,1059.25,-84.5217,4.219999999999999,974.7283
2026-03-12,95.73,100.26,1210.0,2.9171,120.22,1114.27,-92.8129,4.530000000000001,1021.4571
2026-03-13,98.71,103.565,1234.25,2.9814,119.02,1135.54,-95.7286,4.855000000000004,1039.8114
2026-03-16,93.5,103.705,1248.0,2.9453,101.97,1154.5,-90.5547,10.204999999999998,1063.9453
2026-03-17,96.21,103.04,1251.75,3.0609,95.92,1155.54,-93.14909999999999,6.8300000000000125,1062.3908999999999
2026-03-18,96.32,112.285,1354.5,3.0273,97.28,1258.18,-93.2927,15.965000000000003,1164.8873
2026-03-19,96.14,116.41,1463.0,3.0178,92.68,1366.86,-93.1222,20.269999999999996,1273.7377999999999
2026-03-20,98.32,116.24,1506.75,3.1607,91.85,1408.43,-95.15929999999999,17.92,1313.2707
2026-03-23,89.22,109.885,1405.75,2.8624,89.78,1316.53,-86.3576,20.665000000000006,1230.1724
2026-03-24,93.33,110.415,1394.5,3.0496,89.34,1301.17,-90.2804,17.085000000000008,1210.8896
2026-03-25,91.89,109.395,1296.0,2.9352,90.16,1204.11,-88.9548,17.504999999999995,1115.1552
2026-03-26,94.48,117.38,1450.5,3.079,92.37,1356.02,-91.40100000000001,22.89999999999999,1264.619
2026-03-27,99.64,120.31,1484.75,3.186,96.64,1385.11,-96.45400000000001,20.67,1288.656
2026-03-30,102.88,122.98,1456.5,3.3098,95.84,1353.62,-99.5702,20.10000000000001,1254.0497999999998
2026-03-31,101.38,126.965,1423.0,3.3101,89.39,1321.62,-98.06989999999999,25.585000000000008,1223.5501
2026-04-01,100.12,126.46,1399.25,3.1976,91.8,1299.13,-96.92240000000001,26.33999999999999,1202.2076000000002
2026-04-02,111.54,141.26,1607.75,3.3455,93.14,1496.21,-108.1945,29.719999999999985,1388.0155
2026-04-07,112.95,144.46,1547.0,3.3452,98.79,1434.05,-109.6048,31.510000000000005,1324.4451999999999
2026-04-08,94.41,124.53,1267.25,3.0059,83.91,1172.84,-91.4041,30.120000000000005,1081.4359
2026-04-09,97.87,131.785,1424.0,2.9745,81.74,1326.13,-94.8955,33.91499999999999,1231.2345
2026-04-10,96.57,125.88,1265.25,3.0073,78.01,1168.68,-93.56269999999999,29.310000000000002,1075.1173000000001
2026-04-13,99.08,132.455,1334.5,3.0685,80.55,1235.42,-96.0115,33.375000000000014,1139.4085
2026-04-14,91.28,124.635,1232.75,2.987,75.35,1141.47,-88.293,33.355000000000004,1053.1770000000001
2026-04-15,91.29,116.735,1249.5,3.0042,72.23,1158.21,-88.28580000000001,25.444999999999993,1069.9242
2026-04-16,94.69,116.45,1255.75,3.0813,73.04,1161.06,-91.6087,21.760000000000005,1069.4513
2026-04-17,83.85,98.945,1082.75,2.9195,69.01,998.9,-80.9305,15.094999999999999,917.9694999999999
2026-04-20,89.61,106.02,1121.5,3.0081,73.79,1031.89,-86.6019,16.409999999999997,945.2881000000001
2026-04-21,92.13,107.66,1165.75,3.107,85.57,1073.62,-89.023,15.530000000000001,984.5969999999999
2026-04-22,97.07,111.775,1240.75,3.2271,76.77,1143.68,-93.84289999999999,14.705000000000013,1049.8371000000002
2026-04-23,99.63,111.33,1255.5,3.3367,78.67,1155.87,-96.2933,11.700000000000003,1059.5766999999998
2026-04-24,98.47,112.915,1297.0,3.334,75.83,1198.53,-95.136,14.445000000000007,1103.394
2026-04-27,96.37,113.335,1327.5,3.3624,73.11,1231.13,-93.00760000000001,16.96499999999999,1138.1224000000002
2026-04-28,99.93,115.87,1277.25,3.4247,70.5,1177.32,-96.5053,15.939999999999998,1080.8147
2026-04-29,106.88,123.37,1350.25,3.5984,75.96,1243.37,-103.2816,16.49000000000001,1140.0883999999999
2026-04-30,105.07,122.585,1349.5,3.6175,75.08,1244.43,-101.45249999999999,17.515,1142.9775
2026-05-01,101.94,117.355,1331.25,3.5877,75.4,1229.31,-98.3523,15.415000000000006,1130.9577
2026-05-05,102.27,115.14,1311.5,3.5906,74.73,1209.23,-98.6794,12.870000000000005,1110.5506
2026-05-06,95.08,104.075,1203.0,3.4581,72.34,1107.92,-91.6219,8.995000000000005,1016.2981000000001
2026-05-07,94.81,100.47,1154.0,3.4548,72.25,1059.19,-91.3552,5.659999999999997,967.8348000000001
2026-05-08,95.42,104.94,1196.25,3.5055,72.15,1100.83,-91.9145,9.519999999999996,1008.9155
2026-05-11,98.07,105.62,1183.25,3.5786,75.66,1085.18,-94.4914,7.550000000000011,990.6886000000001
2026-05-12,102.18,111.13,1230.0,3.6602,75.69,1127.82,-98.5198,8.949999999999989,1029.3002
2026-05-13,101.02,110.78,1213.25,3.5812,70.94,1112.23,-97.4388,9.760000000000005,1014.7912
2026-05-14,101.17,109.555,1168.0,3.5682,68.92,1066.83,-97.6018,8.385000000000005,969.2281999999999
2026-05-15,105.42,112.145,1226.75,3.6644,72.35,1121.33,-101.7556,6.724999999999994,1019.5744
2026-05-18,108.66,115.12,1259.0,3.7232,72.07,1150.34,-104.93679999999999,6.460000000000008,1045.4032
2026-05-19,107.77,114.67,1234.75,3.6062,72.89,1126.98,-104.1638,6.900000000000006,1022.8162
2026-05-20,101.86,109.76,1191.75,3.3719,72.77,1089.89,-98.4881,7.900000000000006,991.4019000000001
2026-05-21,99.85,111.605,1191.25,3.2845,73.54,1091.4,-96.5655,11.75500000000001,994.8345
2026-05-22,100.93,107.195,1154.75,3.3464,75.97,1053.82,-97.5836,6.264999999999986,956.2363999999999
2026-05-26,93.89,103.73,1103.5,3.1405,65.06,1009.61,-90.7495,9.840000000000003,918.8605
2026-05-27,88.68,99.675,1062.0,3.027,59.97,973.3199999999999,-85.653,10.99499999999999,887.6669999999999
2026-05-28,88.9,96.84,1050.0,3.0884,58.3,961.1,-85.8116,7.939999999999998,875.2884
2026-05-29,87.36,93.365,1028.25,3.0219,57.84,940.89,-84.3381,6.0049999999999955,856.5518999999999
2026-06-01,92.16,99.915,1111.25,3.0559,61.24,1019.09,-89.1041,7.75500000000001,929.9859
2026-06-02,93.76,97.285,1088.75,3.1318,59.53,994.99,-90.6282,3.5249999999999915,904.3618
2026-06-03,96.02,100.895,1138.5,3.0754,60.52,1042.48,-92.9446,4.875,949.5354
2026-06-04,93.04,98.545,1095.25,2.9908,59.79,1002.21,-90.04920000000001,5.5049999999999955,912.1608
2026-06-05,90.54,97.625,1074.5,3.0109,57.75,983.96,-87.5291,7.084999999999994,896.4309000000001
2026-06-08,91.3,98.315,1085.75,3.0268,58.36,994.45,-88.2732,7.015000000000001,906.1768000000001
2026-06-09,88.2,93.425,1039.5,2.9699,57.63,951.3,-85.23010000000001,5.224999999999994,866.0699
2026-06-10,90.03,94.515,1061.5,3.0774,60.28,971.47,-86.9526,4.484999999999999,884.5174000000001
2026-06-11,87.71,95.195,1053.0,3.0689,56.3,965.29,-84.6411,7.484999999999999,880.6488999999999
2026-06-12,84.88,88.43,992.0,2.9936,54.1,907.12,-81.8864,3.5500000000000114,825.2336
2026-06-15,80.75,84.575,951.25,2.8909,47.75,870.5,-77.8591,3.825000000000003,792.6409
2026-06-16,76.05,80.76,911.5,2.7957,53.1,835.45,-73.2543,4.710000000000008,762.1957
2026-06-17,76.79,80.38,920.5,2.8283,53.65,843.71,-73.96170000000001,3.589999999999989,769.7483
2026-06-18,76.6,77.305,880.75,2.8955,51.54,804.15,-73.7045,0.7050000000000125,730.4455
2026-06-22,74.82,76.325,894.25,2.9032,50.7,819.4300000000001,-71.9168,1.5050000000000097,747.5132000000001
2026-06-23,74.21,75.43,898.5,2.8472,46.6,824.29,-71.3628,1.220000000000013,752.9272
2026-06-24,71.05,72.125,895.25,2.7965,47.61,824.2,-68.2535,1.0750000000000028,755.9465
2026-06-25,72.61,73.345,923.75,2.9049,46.96,851.14,-69.7051,0.7349999999999994,781.4349
2026-06-26,69.23,70.665,894.0,2.8234,46.46,824.77,-66.4066,1.4350000000000023,758.3634
2026-06-29,70.75,71.465,921.5,2.8974,45.07,850.75,-67.8526,0.7150000000000034,782.8974000000001
2026-06-30,69.5,71.52,945.75,2.8999,43.17,876.25,-66.6001,2.019999999999996,809.6499
2026-07-01,68.58,68.77,943.75,2.949,40.76,875.17,-65.631,0.18999999999999773,809.539
2026-07-02,68.69,68.1,937.0,2.9098,41.62,868.31,-65.7802,-0.5900000000000034,802.5297999999999
2026-07-06,68.55,69.885,993.0,2.9808,40.33,924.45,-65.5692,1.335000000000008,858.8808
2026-07-07,70.44,71.865,982.25,2.8951,47.59,911.81,-67.5449,1.4249999999999972,844.2651
2026-07-08,73.52,78.33,1108.25,3.0447,50.45,1034.73,-70.47529999999999,4.810000000000002,964.2547000000001
2026-07-09,72.08,75.425,1051.5,2.9625,45.99,979.42,-69.11749999999999,3.344999999999999,910.3025
2026-07-10,71.41,74.205,1035.25,2.8933,44.67,963.84,-68.5167,2.7950000000000017,895.3233
2026-07-13,78.14,77.42,1111.75,3.0751,60.25,1033.61,-75.0649,-0.7199999999999989,958.5450999999999
2026-07-14,79.34,82.635,1181.25,3.1548,59.89,1101.91,-76.18520000000001,3.2950000000000017,1025.7248
2026-07-15,79.6,82.195,1170.25,3.2059,58.96,1090.65,-76.3941,2.594999999999999,1014.2559000000001
2026-07-16,78.95,83.05,1212.25,3.1897,55.91,1133.3,-75.7603,4.099999999999994,1057.5397
2026-07-17,82.49,84.6,1232.75,3.2554,60.02,1150.26,-79.2346,2.1099999999999994,1071.0254
2026-07-20,83.23,86.82,1251.0,3.2524,62.07,1167.77,-79.97760000000001,3.589999999999989,1087.7924
2026-07-21,84.91,91.8,1252.5,3.2838,63.78,1167.59,-81.6262,6.890000000000001,1085.9638
2026-07-22,87.82,94.165,1271.5,3.2636,65.31,1183.68,-84.5564,6.345000000000013,1099.1236000000001
2026-07-23,94.22,105.59,1330.25,3.3567,68.97,1236.03,-90.8633,11.370000000000005,1145.1667
2026-07-24,91.04,98.79,1273.5,3.2803,68.0,1182.46,-87.75970000000001,7.75,1094.7003
2026-07-27,82.61,90.575,1276.25,3.1983,60.62,1193.64,-79.4117,7.965000000000003,1114.2283000000002
2026-07-28,79.26,85.735,1266.5,3.1681,57.15,1187.24,-76.09190000000001,6.474999999999994,1111.1480999999999
2026-07-29,84.46,91.19,1351.75,3.2545,67.59,1267.29,-81.2055,6.730000000000004,1186.0845
2026-07-30,83.59,91.93,1340.25,3.1363,63.44,1256.66,-80.4537,8.340000000000003,1176.2063
2026-07-31,84.67,96.22,1360.5,3.1392,63.04,1275.83,-81.5308,11.549999999999997,1194.2992
2026-08-03,80.34,91.56,1226.5,2.9729,57.2,1146.16,-77.36710000000001,11.219999999999999,1068.7929000000001
2026-08-04,75.77,86.23,1158.0,2.8622,53.45,1082.23,-72.9078,10.460000000000008,1009.3222000000001
2026-08-05,75.22,85.25,1191.0,2.8388,51.48,1115.78,-72.38119999999999,10.030000000000001,1043.3988
2026-08-06,77.29,87.645,1193.5,2.9272,57.34,1116.21,-74.36280000000001,10.35499999999999,1041.8472
2026-08-07,78.18,89.07,1210.75,2.9741,55.8,1132.57,-75.20590000000001,10.889999999999986,1057.3641
2026-08-10,82.13,91.885,1310.0,3.0817,56.06,1227.87,-79.0483,9.75500000000001,1148.8217
2026-08-11,83.2,93.17,1259.75,3.0941,54.99,1176.55,-80.1059,9.969999999999999,1096.4441
2026-08-12,83.27,93.575,1294.75,3.0849,52.34,1211.48,-80.18509999999999,10.305000000000007,1131.2949
2026-08-13,81.25,92.695,1301.5,3.0568,49.36,1220.25,-78.1932,11.444999999999993,1142.0568
2026-08-14,82.4,92.045,1287.5,3.1128,49.52,1205.1,-79.28720000000001,9.644999999999996,1125.8128
2026-08-17,84.5,90.0,1343.75,3.2501,52.92,1259.25,-81.2499,5.5,1178.0001
2026-08-18,84.94,92.845,1366.75,2.9881,47.17,1281.81,-81.9519,7.905000000000001,1199.8581
2026-08-19,85.83,93.495,1365.25,3.1937,47.69,1279.42,-82.63629999999999,7.665000000000006,1196.7837000000002
2026-08-20,87.83,94.415,1363.5,3.2091,49.63,1275.67,-84.62089999999999,6.585000000000008,1191.0491000000002
2026-08-21,88.34,94.455,1369.5,3.2468,49.62,1281.16,-85.09320000000001,6.114999999999995,1196.0668
2026-08-24,86.64,92.89,1303.5,3.1688,46.74,1216.86,-83.4712,6.25,1133.3888
2026-08-25,83.72,89.195,1283.5,3.1297,46.16,1199.78,-80.5903,5.474999999999994,1119.1897
2026-08-26,82.23,89.425,1268.5,3.1606,46.83,1186.27,-79.0694,7.194999999999993,1107.2006
2026-08-27,83.53,89.25,1250.25,3.1904,46.22,1166.72,-80.3396,5.719999999999999,1086.3804
2026-08-28,83.4,89.71,1320.0,3.2502,43.49,1236.6,-80.1498,6.309999999999988,1156.4502
2026-09-01,90.22,94.115,1459.0,3.3351,49.13,1368.78,-86.8849,3.894999999999996,1281.8951
2026-09-02,91.01,98.405,1473.5,3.3038,47.77,1382.49,-87.70620000000001,7.394999999999996,1294.7838
2026-09-03,91.3,101.665,1466.5,3.3349,46.41,1375.2,-87.96509999999999,10.365000000000009,1287.2349000000002
2026-09-04,91.48,100.65,1434.25,3.4146,44.96,1342.77,-88.06540000000001,9.170000000000002,1254.7046
2026-09-08,93.03,108.22,1441.25,3.4525,48.59,1348.22,-89.5775,15.189999999999998,1258.6425
2026-09-09,96.05,114.45,1461.25,3.4106,49.85,1365.2,-92.6394,18.400000000000006,1272.5606
2026-09-10,102.48,120.28,1508.5,3.5932,60.76,1406.02,-98.88680000000001,17.799999999999997,1307.1332
2026-09-11,100.05,118.56,1532.0,3.2472,58.92,1431.95,-96.80279999999999,18.510000000000005,1335.1472
2026-09-14,101.39,130.65,1532.0,3.2434,59.46,1430.61,-98.1466,29.260000000000005,1332.4633999999999
2026-09-15,105.83,131.765,1625.5,3.4277,61.73,1519.67,-102.4023,25.934999999999988,1417.2677
2026-09-16,102.43,126.795,1592.25,3.3732,57.49,1489.82,-99.05680000000001,24.364999999999995,1390.7631999999999
2026-09-17,101.91,125.395,1532.25,3.3836,52.11,1430.34,-98.5264,23.485,1331.8136
2026-09-18,100.3,125.385,1552.0,3.413,50.39,1451.7,-96.887,25.085000000000008,1354.813
2026-09-21,95.78,118.385,1480.0,3.3942,50.31,1384.22,-92.3858,22.605000000000004,1291.8342
2026-09-22,94.59,116.45,1463.5,3.3796,51.89,1368.91,-91.2104,21.86,1277.6996000000001
2026-09-23,97.84,119.855,1520.5,3.4679,53.24,1422.66,-94.3721,22.015,1328.2879
2026-09-24,101.59,125.525,1556.25,3.5655,54.45,1454.66,-98.0245,23.935000000000002,1356.6355
2026-09-25,99.12,123.025,1497.0,3.2175,55.09,1397.88,-95.9025,23.905,1301.9775000000002
2026-09-28,92.6,123.78,1471.75,3.1878,56.11,1379.15,-89.4122,31.180000000000007,1289.7378
2026-09-29,89.38,119.245,1421.5,3.1411,53.74,1332.12,-86.2389,29.86500000000001,1245.8810999999998
2026-09-30,90.42,120.17,1488.5,3.2255,52.24,1398.08,-87.1945,29.75,1310.8854999999999
2026-10-01,92.87,126.895,1471.5,3.3576,51.69,1378.63,-89.5124,34.02499999999999,1289.1176
2026-10-02,91.11,126.625,1377.5,3.2524,51.0,1286.39,-87.8576,35.515,1198.5324
2026-10-05,89.43,128.46,1405.5,3.1837,48.65,1316.07,-86.2463,39.03,1229.8237
2026-10-06,89.44,125.185,1347.0,3.2057,48.79,1257.56,-86.23429999999999,35.745000000000005,1171.3256999999999
